Timestamp,Hour_of_Day,Day_of_Week,Station_Location,Grid_Power_kW,Active_Stalls,Electricity_Rate_kWh,Forecast_Demand_kW
2026-06-01 00:00,0,Monday,Downtown Metro Hub,1163.1,9,0.18,1135.8
2026-06-01 00:00,0,Monday,Tech Corridor Supercharger,932.4,7,0.18,914.0
2026-06-01 00:00,0,Monday,Airport Transit Hub,656.7,5,0.18,681.3
2026-06-01 00:00,0,Monday,Suburban Plaza,636.7,5,0.18,648.7
2026-06-01 01:00,1,Monday,Downtown Metro Hub,1122.9,9,0.18,1049.4
2026-06-01 01:00,1,Monday,Tech Corridor Supercharger,845.7,7,0.18,862.3
2026-06-01 01:00,1,Monday,Airport Transit Hub,623.2,5,0.18,626.0
2026-06-01 01:00,1,Monday,Suburban Plaza,687.5,5,0.18,705.2
2026-06-01 02:00,2,Monday,Downtown Metro Hub,981.6,8,0.18,972.8
2026-06-01 02:00,2,Monday,Tech Corridor Supercharger,742.4,6,0.18,686.3
2026-06-01 02:00,2,Monday,Airport Transit Hub,576.1,4,0.18,590.5
2026-06-01 02:00,2,Monday,Suburban Plaza,545.7,4,0.18,519.2
2026-06-01 03:00,3,Monday,Downtown Metro Hub,784.2,6,0.18,735.7
2026-06-01 03:00,3,Monday,Tech Corridor Supercharger,588.9,4,0.18,596.9
2026-06-01 03:00,3,Monday,Airport Transit Hub,491.7,4,0.18,505.7
2026-06-01 03:00,3,Monday,Suburban Plaza,493.7,4,0.18,475.1
2026-06-01 04:00,4,Monday,Downtown Metro Hub,547.3,4,0.18,576.3
2026-06-01 04:00,4,Monday,Tech Corridor Supercharger,452.2,3,0.18,447.1
2026-06-01 04:00,4,Monday,Airport Transit Hub,261.7,2,0.18,264.0
2026-06-01 04:00,4,Monday,Suburban Plaza,306.2,2,0.18,307.0
2026-06-01 05:00,5,Monday,Downtown Metro Hub,397.5,3,0.18,390.7
2026-06-01 05:00,5,Monday,Tech Corridor Supercharger,297.8,2,0.18,280.4
2026-06-01 05:00,5,Monday,Airport Transit Hub,229.5,1,0.18,224.7
2026-06-01 05:00,5,Monday,Suburban Plaza,220.8,1,0.18,219.8
2026-06-01 06:00,6,Monday,Downtown Metro Hub,342.6,2,0.18,342.1
2026-06-01 06:00,6,Monday,Tech Corridor Supercharger,284.5,2,0.18,285.0
2026-06-01 06:00,6,Monday,Airport Transit Hub,186.5,1,0.18,188.2
2026-06-01 06:00,6,Monday,Suburban Plaza,202.2,1,0.18,193.5
2026-06-01 07:00,7,Monday,Downtown Metro Hub,345.8,2,0.18,345.9
2026-06-01 07:00,7,Monday,Tech Corridor Supercharger,358.2,2,0.18,350.9
2026-06-01 07:00,7,Monday,Airport Transit Hub,264.2,2,0.18,263.9
2026-06-01 07:00,7,Monday,Suburban Plaza,245.3,2,0.18,242.3
2026-06-01 08:00,8,Monday,Downtown Metro Hub,579.9,4,0.18,612.6
2026-06-01 08:00,8,Monday,Tech Corridor Supercharger,467.7,3,0.18,476.8
2026-06-01 08:00,8,Monday,Airport Transit Hub,363.2,3,0.18,358.2
2026-06-01 08:00,8,Monday,Suburban Plaza,368.0,3,0.18,344.7
2026-06-01 09:00,9,Monday,Downtown Metro Hub,804.7,6,0.18,800.6
2026-06-01 09:00,9,Monday,Tech Corridor Supercharger,481.2,4,0.18,485.5
2026-06-01 09:00,9,Monday,Airport Transit Hub,405.3,3,0.18,388.4
2026-06-01 09:00,9,Monday,Suburban Plaza,421.1,3,0.18,396.7
2026-06-01 10:00,10,Monday,Downtown Metro Hub,1012.2,8,0.18,1013.2
2026-06-01 10:00,10,Monday,Tech Corridor Supercharger,736.9,6,0.18,725.7
2026-06-01 10:00,10,Monday,Airport Transit Hub,637.3,5,0.18,640.4
2026-06-01 10:00,10,Monday,Suburban Plaza,605.8,5,0.18,613.2
2026-06-01 11:00,11,Monday,Downtown Metro Hub,1127.3,9,0.18,1197.8
2026-06-01 11:00,11,Monday,Tech Corridor Supercharger,922.0,7,0.18,917.0
2026-06-01 11:00,11,Monday,Airport Transit Hub,690.7,5,0.18,690.9
2026-06-01 11:00,11,Monday,Suburban Plaza,618.6,5,0.18,586.4
2026-06-01 12:00,12,Monday,Downtown Metro Hub,1181.0,9,0.18,1147.0
2026-06-01 12:00,12,Monday,Tech Corridor Supercharger,933.8,7,0.18,917.4
2026-06-01 12:00,12,Monday,Airport Transit Hub,689.5,5,0.18,653.4
2026-06-01 12:00,12,Monday,Suburban Plaza,616.7,5,0.18,615.1
2026-06-01 13:00,13,Monday,Downtown Metro Hub,1142.2,9,0.18,1098.5
2026-06-01 13:00,13,Monday,Tech Corridor Supercharger,872.2,7,0.18,891.0
2026-06-01 13:00,13,Monday,Airport Transit Hub,615.8,5,0.18,598.4
2026-06-01 13:00,13,Monday,Suburban Plaza,636.1,5,0.18,593.9
2026-06-01 14:00,14,Monday,Downtown Metro Hub,1068.4,8,0.18,1041.5
2026-06-01 14:00,14,Monday,Tech Corridor Supercharger,794.4,6,0.18,768.2
2026-06-01 14:00,14,Monday,Airport Transit Hub,549.4,4,0.18,544.1
2026-06-01 14:00,14,Monday,Suburban Plaza,580.0,4,0.18,611.0
2026-06-01 15:00,15,Monday,Downtown Metro Hub,771.1,6,0.18,780.1
2026-06-01 15:00,15,Monday,Tech Corridor Supercharger,596.3,4,0.18,549.1
2026-06-01 15:00,15,Monday,Airport Transit Hub,481.0,4,0.18,489.9
2026-06-01 15:00,15,Monday,Suburban Plaza,462.2,3,0.18,444.9
2026-06-01 16:00,16,Monday,Downtown Metro Hub,535.4,4,0.42,541.1
2026-06-01 16:00,16,Monday,Tech Corridor Supercharger,400.1,3,0.42,392.3
2026-06-01 16:00,16,Monday,Airport Transit Hub,299.9,2,0.42,301.2
2026-06-01 16:00,16,Monday,Suburban Plaza,278.3,2,0.42,276.1
2026-06-01 17:00,17,Monday,Downtown Metro Hub,435.3,3,0.42,450.9
2026-06-01 17:00,17,Monday,Tech Corridor Supercharger,307.9,2,0.42,306.1
2026-06-01 17:00,17,Monday,Airport Transit Hub,255.4,2,0.42,262.3
2026-06-01 17:00,17,Monday,Suburban Plaza,200.8,1,0.42,205.7
2026-06-01 18:00,18,Monday,Downtown Metro Hub,363.7,3,0.42,370.5
2026-06-01 18:00,18,Monday,Tech Corridor Supercharger,286.0,2,0.42,286.8
2026-06-01 18:00,18,Monday,Airport Transit Hub,214.6,1,0.42,226.8
2026-06-01 18:00,18,Monday,Suburban Plaza,144.1,1,0.42,140.9
2026-06-01 19:00,19,Monday,Downtown Metro Hub,438.5,3,0.42,457.8
2026-06-01 19:00,19,Monday,Tech Corridor Supercharger,306.0,2,0.42,301.3
2026-06-01 19:00,19,Monday,Airport Transit Hub,183.7,1,0.42,177.1
2026-06-01 19:00,19,Monday,Suburban Plaza,254.3,2,0.42,253.1
2026-06-01 20:00,20,Monday,Downtown Metro Hub,619.0,5,0.42,622.8
2026-06-01 20:00,20,Monday,Tech Corridor Supercharger,494.1,4,0.42,491.8
2026-06-01 20:00,20,Monday,Airport Transit Hub,276.4,2,0.42,271.9
2026-06-01 20:00,20,Monday,Suburban Plaza,319.2,2,0.42,310.3
2026-06-01 21:00,21,Monday,Downtown Metro Hub,838.3,6,0.42,824.9
2026-06-01 21:00,21,Monday,Tech Corridor Supercharger,584.9,4,0.42,568.7
2026-06-01 21:00,21,Monday,Airport Transit Hub,436.4,3,0.42,434.4
2026-06-01 21:00,21,Monday,Suburban Plaza,451.6,3,0.42,474.2
2026-06-01 22:00,22,Monday,Downtown Metro Hub,1059.7,8,0.18,1051.3
2026-06-01 22:00,22,Monday,Tech Corridor Supercharger,787.6,6,0.18,763.9
2026-06-01 22:00,22,Monday,Airport Transit Hub,557.5,4,0.18,538.2
2026-06-01 22:00,22,Monday,Suburban Plaza,594.7,4,0.18,592.7
2026-06-01 23:00,23,Monday,Downtown Metro Hub,1121.6,9,0.18,1123.2
2026-06-01 23:00,23,Monday,Tech Corridor Supercharger,868.9,7,0.18,881.9
2026-06-01 23:00,23,Monday,Airport Transit Hub,723.7,6,0.18,717.2
2026-06-01 23:00,23,Monday,Suburban Plaza,693.5,5,0.18,711.1
2026-06-02 00:00,0,Tuesday,Downtown Metro Hub,1168.2,9,0.18,1157.8
2026-06-02 00:00,0,Tuesday,Tech Corridor Supercharger,916.2,7,0.18,911.0
2026-06-02 00:00,0,Tuesday,Airport Transit Hub,652.4,5,0.18,671.5
2026-06-02 00:00,0,Tuesday,Suburban Plaza,674.5,5,0.18,688.0
2026-06-02 01:00,1,Tuesday,Downtown Metro Hub,1151.4,9,0.18,1164.5
2026-06-02 01:00,1,Tuesday,Tech Corridor Supercharger,910.0,7,0.18,930.6
2026-06-02 01:00,1,Tuesday,Airport Transit Hub,658.7,5,0.18,689.2
2026-06-02 01:00,1,Tuesday,Suburban Plaza,643.9,5,0.18,614.0
2026-06-02 02:00,2,Tuesday,Downtown Metro Hub,960.2,8,0.18,937.6
2026-06-02 02:00,2,Tuesday,Tech Corridor Supercharger,772.4,6,0.18,775.2
2026-06-02 02:00,2,Tuesday,Airport Transit Hub,525.9,4,0.18,513.5
2026-06-02 02:00,2,Tuesday,Suburban Plaza,638.1,5,0.18,665.3
2026-06-02 03:00,3,Tuesday,Downtown Metro Hub,704.2,5,0.18,707.2
2026-06-02 03:00,3,Tuesday,Tech Corridor Supercharger,616.6,5,0.18,638.3
2026-06-02 03:00,3,Tuesday,Airport Transit Hub,404.2,3,0.18,422.1
2026-06-02 03:00,3,Tuesday,Suburban Plaza,420.6,3,0.18,429.4
2026-06-02 04:00,4,Tuesday,Downtown Metro Hub,581.1,4,0.18,575.0
2026-06-02 04:00,4,Tuesday,Tech Corridor Supercharger,469.1,3,0.18,472.8
2026-06-02 04:00,4,Tuesday,Airport Transit Hub,337.4,2,0.18,334.9
2026-06-02 04:00,4,Tuesday,Suburban Plaza,310.2,2,0.18,337.0
2026-06-02 05:00,5,Tuesday,Downtown Metro Hub,380.3,3,0.18,352.4
2026-06-02 05:00,5,Tuesday,Tech Corridor Supercharger,305.6,2,0.18,312.4
2026-06-02 05:00,5,Tuesday,Airport Transit Hub,247.3,2,0.18,256.5
2026-06-02 05:00,5,Tuesday,Suburban Plaza,199.1,1,0.18,204.6
2026-06-02 06:00,6,Tuesday,Downtown Metro Hub,348.2,2,0.18,333.3
2026-06-02 06:00,6,Tuesday,Tech Corridor Supercharger,296.9,2,0.18,312.7
2026-06-02 06:00,6,Tuesday,Airport Transit Hub,177.7,1,0.18,184.4
2026-06-02 06:00,6,Tuesday,Suburban Plaza,208.6,1,0.18,202.7
2026-06-02 07:00,7,Tuesday,Downtown Metro Hub,373.8,3,0.18,381.8
2026-06-02 07:00,7,Tuesday,Tech Corridor Supercharger,368.1,3,0.18,375.0
2026-06-02 07:00,7,Tuesday,Airport Transit Hub,215.3,1,0.18,215.4
2026-06-02 07:00,7,Tuesday,Suburban Plaza,242.4,2,0.18,248.5
2026-06-02 08:00,8,Tuesday,Downtown Metro Hub,572.7,4,0.18,592.9
2026-06-02 08:00,8,Tuesday,Tech Corridor Supercharger,391.6,3,0.18,377.8
2026-06-02 08:00,8,Tuesday,Airport Transit Hub,315.7,2,0.18,312.2
2026-06-02 08:00,8,Tuesday,Suburban Plaza,318.8,2,0.18,300.0
2026-06-02 09:00,9,Tuesday,Downtown Metro Hub,823.5,6,0.18,802.1
2026-06-02 09:00,9,Tuesday,Tech Corridor Supercharger,642.5,5,0.18,611.0
2026-06-02 09:00,9,Tuesday,Airport Transit Hub,446.5,3,0.18,460.7
2026-06-02 09:00,9,Tuesday,Suburban Plaza,444.0,3,0.18,455.4
2026-06-02 10:00,10,Tuesday,Downtown Metro Hub,988.7,8,0.18,999.2
2026-06-02 10:00,10,Tuesday,Tech Corridor Supercharger,801.1,6,0.18,783.3
2026-06-02 10:00,10,Tuesday,Airport Transit Hub,502.8,4,0.18,542.5
2026-06-02 10:00,10,Tuesday,Suburban Plaza,549.7,4,0.18,532.3
2026-06-02 11:00,11,Tuesday,Downtown Metro Hub,1153.7,9,0.18,1200.5
2026-06-02 11:00,11,Tuesday,Tech Corridor Supercharger,892.3,7,0.18,845.3
2026-06-02 11:00,11,Tuesday,Airport Transit Hub,705.0,5,0.18,739.8
2026-06-02 11:00,11,Tuesday,Suburban Plaza,610.7,5,0.18,643.1
2026-06-02 12:00,12,Tuesday,Downtown Metro Hub,1256.1,10,0.18,1252.1
2026-06-02 12:00,12,Tuesday,Tech Corridor Supercharger,983.0,8,0.18,960.9
2026-06-02 12:00,12,Tuesday,Airport Transit Hub,716.2,5,0.18,715.0
2026-06-02 12:00,12,Tuesday,Suburban Plaza,678.0,5,0.18,673.4
2026-06-02 13:00,13,Tuesday,Downtown Metro Hub,1125.3,9,0.18,1030.3
2026-06-02 13:00,13,Tuesday,Tech Corridor Supercharger,926.7,7,0.18,926.1
2026-06-02 13:00,13,Tuesday,Airport Transit Hub,627.3,5,0.18,619.3
2026-06-02 13:00,13,Tuesday,Suburban Plaza,664.9,5,0.18,646.7
2026-06-02 14:00,14,Tuesday,Downtown Metro Hub,911.1,7,0.18,979.1
2026-06-02 14:00,14,Tuesday,Tech Corridor Supercharger,801.5,6,0.18,801.9
2026-06-02 14:00,14,Tuesday,Airport Transit Hub,550.5,4,0.18,563.3
2026-06-02 14:00,14,Tuesday,Suburban Plaza,526.3,4,0.18,512.9
2026-06-02 15:00,15,Tuesday,Downtown Metro Hub,768.1,6,0.18,737.8
2026-06-02 15:00,15,Tuesday,Tech Corridor Supercharger,543.8,4,0.18,516.1
2026-06-02 15:00,15,Tuesday,Airport Transit Hub,421.9,3,0.18,421.1
2026-06-02 15:00,15,Tuesday,Suburban Plaza,418.6,3,0.18,397.7
2026-06-02 16:00,16,Tuesday,Downtown Metro Hub,508.5,4,0.42,512.2
2026-06-02 16:00,16,Tuesday,Tech Corridor Supercharger,442.2,3,0.42,462.2
2026-06-02 16:00,16,Tuesday,Airport Transit Hub,286.7,2,0.42,284.2
2026-06-02 16:00,16,Tuesday,Suburban Plaza,276.0,2,0.42,268.3
2026-06-02 17:00,17,Tuesday,Downtown Metro Hub,365.0,3,0.42,377.9
2026-06-02 17:00,17,Tuesday,Tech Corridor Supercharger,282.1,2,0.42,275.3
2026-06-02 17:00,17,Tuesday,Airport Transit Hub,254.2,2,0.42,242.5
2026-06-02 17:00,17,Tuesday,Suburban Plaza,238.9,1,0.42,254.7
2026-06-02 18:00,18,Tuesday,Downtown Metro Hub,383.8,3,0.42,380.9
2026-06-02 18:00,18,Tuesday,Tech Corridor Supercharger,297.2,2,0.42,302.2
2026-06-02 18:00,18,Tuesday,Airport Transit Hub,232.2,1,0.42,227.7
2026-06-02 18:00,18,Tuesday,Suburban Plaza,215.1,1,0.42,207.5
2026-06-02 19:00,19,Tuesday,Downtown Metro Hub,445.6,3,0.42,461.2
2026-06-02 19:00,19,Tuesday,Tech Corridor Supercharger,368.2,3,0.42,358.7
2026-06-02 19:00,19,Tuesday,Airport Transit Hub,236.1,1,0.42,244.5
2026-06-02 19:00,19,Tuesday,Suburban Plaza,204.5,1,0.42,201.3
2026-06-02 20:00,20,Tuesday,Downtown Metro Hub,556.8,4,0.42,525.6
2026-06-02 20:00,20,Tuesday,Tech Corridor Supercharger,475.8,3,0.42,434.2
2026-06-02 20:00,20,Tuesday,Airport Transit Hub,349.4,2,0.42,373.4
2026-06-02 20:00,20,Tuesday,Suburban Plaza,328.5,2,0.42,330.6
2026-06-02 21:00,21,Tuesday,Downtown Metro Hub,796.5,6,0.42,823.4
2026-06-02 21:00,21,Tuesday,Tech Corridor Supercharger,695.0,5,0.42,699.6
2026-06-02 21:00,21,Tuesday,Airport Transit Hub,410.5,3,0.42,403.4
2026-06-02 21:00,21,Tuesday,Suburban Plaza,414.3,3,0.42,418.4
2026-06-02 22:00,22,Tuesday,Downtown Metro Hub,1031.8,8,0.18,976.9
2026-06-02 22:00,22,Tuesday,Tech Corridor Supercharger,783.8,6,0.18,781.3
2026-06-02 22:00,22,Tuesday,Airport Transit Hub,543.8,4,0.18,552.2
2026-06-02 22:00,22,Tuesday,Suburban Plaza,540.6,4,0.18,505.1
2026-06-02 23:00,23,Tuesday,Downtown Metro Hub,1121.0,9,0.18,1125.5
2026-06-02 23:00,23,Tuesday,Tech Corridor Supercharger,828.0,6,0.18,849.2
2026-06-02 23:00,23,Tuesday,Airport Transit Hub,609.5,5,0.18,600.9
2026-06-02 23:00,23,Tuesday,Suburban Plaza,643.2,5,0.18,641.5
2026-06-03 00:00,0,Wednesday,Downtown Metro Hub,1234.5,10,0.18,1197.5
2026-06-03 00:00,0,Wednesday,Tech Corridor Supercharger,944.7,7,0.18,990.4
2026-06-03 00:00,0,Wednesday,Airport Transit Hub,602.4,5,0.18,592.8
2026-06-03 00:00,0,Wednesday,Suburban Plaza,626.7,5,0.18,613.3
2026-06-03 01:00,1,Wednesday,Downtown Metro Hub,1169.2,9,0.18,1152.4
2026-06-03 01:00,1,Wednesday,Tech Corridor Supercharger,877.1,7,0.18,881.1
2026-06-03 01:00,1,Wednesday,Airport Transit Hub,693.7,5,0.18,684.7
2026-06-03 01:00,1,Wednesday,Suburban Plaza,653.2,5,0.18,650.7
2026-06-03 02:00,2,Wednesday,Downtown Metro Hub,1037.4,8,0.18,1036.8
2026-06-03 02:00,2,Wednesday,Tech Corridor Supercharger,752.2,6,0.18,743.3
2026-06-03 02:00,2,Wednesday,Airport Transit Hub,534.6,4,0.18,551.2
2026-06-03 02:00,2,Wednesday,Suburban Plaza,591.7,4,0.18,582.8
2026-06-03 03:00,3,Wednesday,Downtown Metro Hub,819.9,6,0.18,784.2
2026-06-03 03:00,3,Wednesday,Tech Corridor Supercharger,561.8,4,0.18,574.1
2026-06-03 03:00,3,Wednesday,Airport Transit Hub,453.5,3,0.18,432.9
2026-06-03 03:00,3,Wednesday,Suburban Plaza,445.5,3,0.18,450.1
2026-06-03 04:00,4,Wednesday,Downtown Metro Hub,582.3,4,0.18,591.0
2026-06-03 04:00,4,Wednesday,Tech Corridor Supercharger,421.0,3,0.18,430.3
2026-06-03 04:00,4,Wednesday,Airport Transit Hub,315.0,2,0.18,322.0
2026-06-03 04:00,4,Wednesday,Suburban Plaza,335.5,2,0.18,352.7
2026-06-03 05:00,5,Wednesday,Downtown Metro Hub,441.8,3,0.18,450.0
2026-06-03 05:00,5,Wednesday,Tech Corridor Supercharger,282.4,2,0.18,297.5
2026-06-03 05:00,5,Wednesday,Airport Transit Hub,217.8,1,0.18,227.8
2026-06-03 05:00,5,Wednesday,Suburban Plaza,222.5,1,0.18,228.5
2026-06-03 06:00,6,Wednesday,Downtown Metro Hub,385.2,3,0.18,385.4
2026-06-03 06:00,6,Wednesday,Tech Corridor Supercharger,288.9,2,0.18,259.9
2026-06-03 06:00,6,Wednesday,Airport Transit Hub,253.6,2,0.18,283.1
2026-06-03 06:00,6,Wednesday,Suburban Plaza,219.2,1,0.18,215.5
2026-06-03 07:00,7,Wednesday,Downtown Metro Hub,375.0,3,0.18,390.4
2026-06-03 07:00,7,Wednesday,Tech Corridor Supercharger,325.2,2,0.18,307.6
2026-06-03 07:00,7,Wednesday,Airport Transit Hub,208.7,1,0.18,215.7
2026-06-03 07:00,7,Wednesday,Suburban Plaza,237.9,1,0.18,251.6
2026-06-03 08:00,8,Wednesday,Downtown Metro Hub,606.8,5,0.18,609.5
2026-06-03 08:00,8,Wednesday,Tech Corridor Supercharger,421.7,3,0.18,450.7
2026-06-03 08:00,8,Wednesday,Airport Transit Hub,298.0,2,0.18,302.8
2026-06-03 08:00,8,Wednesday,Suburban Plaza,279.1,2,0.18,279.4
2026-06-03 09:00,9,Wednesday,Downtown Metro Hub,802.5,6,0.18,822.3
2026-06-03 09:00,9,Wednesday,Tech Corridor Supercharger,600.1,5,0.18,630.2
2026-06-03 09:00,9,Wednesday,Airport Transit Hub,480.1,4,0.18,502.7
2026-06-03 09:00,9,Wednesday,Suburban Plaza,416.0,3,0.18,391.9
2026-06-03 10:00,10,Wednesday,Downtown Metro Hub,1069.6,8,0.18,1116.8
2026-06-03 10:00,10,Wednesday,Tech Corridor Supercharger,698.4,5,0.18,723.4
2026-06-03 10:00,10,Wednesday,Airport Transit Hub,577.5,4,0.18,584.9
2026-06-03 10:00,10,Wednesday,Suburban Plaza,527.6,4,0.18,516.1
2026-06-03 11:00,11,Wednesday,Downtown Metro Hub,1143.4,9,0.18,1094.2
2026-06-03 11:00,11,Wednesday,Tech Corridor Supercharger,883.9,7,0.18,912.5
2026-06-03 11:00,11,Wednesday,Airport Transit Hub,633.7,5,0.18,650.4
2026-06-03 11:00,11,Wednesday,Suburban Plaza,643.2,5,0.18,627.6
2026-06-03 12:00,12,Wednesday,Downtown Metro Hub,1189.3,9,0.18,1179.9
2026-06-03 12:00,12,Wednesday,Tech Corridor Supercharger,946.5,7,0.18,941.2
2026-06-03 12:00,12,Wednesday,Airport Transit Hub,688.5,5,0.18,674.7
2026-06-03 12:00,12,Wednesday,Suburban Plaza,649.7,5,0.18,654.6
2026-06-03 13:00,13,Wednesday,Downtown Metro Hub,1179.7,9,0.18,1168.3
2026-06-03 13:00,13,Wednesday,Tech Corridor Supercharger,907.0,7,0.18,939.7
2026-06-03 13:00,13,Wednesday,Airport Transit Hub,624.4,5,0.18,601.8
2026-06-03 13:00,13,Wednesday,Suburban Plaza,733.0,6,0.18,713.9
2026-06-03 14:00,14,Wednesday,Downtown Metro Hub,1021.9,8,0.18,1057.1
2026-06-03 14:00,14,Wednesday,Tech Corridor Supercharger,773.0,6,0.18,821.2
2026-06-03 14:00,14,Wednesday,Airport Transit Hub,515.3,4,0.18,490.4
2026-06-03 14:00,14,Wednesday,Suburban Plaza,524.6,4,0.18,545.2
2026-06-03 15:00,15,Wednesday,Downtown Metro Hub,752.0,6,0.18,741.8
2026-06-03 15:00,15,Wednesday,Tech Corridor Supercharger,572.2,4,0.18,574.3
2026-06-03 15:00,15,Wednesday,Airport Transit Hub,453.1,3,0.18,431.1
2026-06-03 15:00,15,Wednesday,Suburban Plaza,481.7,4,0.18,474.6
2026-06-03 16:00,16,Wednesday,Downtown Metro Hub,543.8,4,0.42,525.0
2026-06-03 16:00,16,Wednesday,Tech Corridor Supercharger,505.5,4,0.42,516.8
2026-06-03 16:00,16,Wednesday,Airport Transit Hub,339.6,2,0.42,322.0
2026-06-03 16:00,16,Wednesday,Suburban Plaza,318.1,2,0.42,308.2
2026-06-03 17:00,17,Wednesday,Downtown Metro Hub,376.5,3,0.42,363.5
2026-06-03 17:00,17,Wednesday,Tech Corridor Supercharger,289.4,2,0.42,288.1
2026-06-03 17:00,17,Wednesday,Airport Transit Hub,266.4,2,0.42,270.9
2026-06-03 17:00,17,Wednesday,Suburban Plaza,138.3,1,0.42,145.4
2026-06-03 18:00,18,Wednesday,Downtown Metro Hub,354.6,2,0.42,362.6
2026-06-03 18:00,18,Wednesday,Tech Corridor Supercharger,298.5,2,0.42,297.8
2026-06-03 18:00,18,Wednesday,Airport Transit Hub,189.9,1,0.42,184.6
2026-06-03 18:00,18,Wednesday,Suburban Plaza,219.4,1,0.42,224.4
2026-06-03 19:00,19,Wednesday,Downtown Metro Hub,403.5,3,0.42,383.6
2026-06-03 19:00,19,Wednesday,Tech Corridor Supercharger,372.3,3,0.42,377.0
2026-06-03 19:00,19,Wednesday,Airport Transit Hub,242.5,2,0.42,242.6
2026-06-03 19:00,19,Wednesday,Suburban Plaza,241.0,2,0.42,238.3
2026-06-03 20:00,20,Wednesday,Downtown Metro Hub,587.4,4,0.42,584.3
2026-06-03 20:00,20,Wednesday,Tech Corridor Supercharger,408.3,3,0.42,430.3
2026-06-03 20:00,20,Wednesday,Airport Transit Hub,301.9,2,0.42,315.8
2026-06-03 20:00,20,Wednesday,Suburban Plaza,278.8,2,0.42,295.1
2026-06-03 21:00,21,Wednesday,Downtown Metro Hub,773.6,6,0.42,730.5
2026-06-03 21:00,21,Wednesday,Tech Corridor Supercharger,573.1,4,0.42,563.7
2026-06-03 21:00,21,Wednesday,Airport Transit Hub,480.2,4,0.42,462.4
2026-06-03 21:00,21,Wednesday,Suburban Plaza,489.7,4,0.42,492.8
2026-06-03 22:00,22,Wednesday,Downtown Metro Hub,978.1,8,0.18,984.4
2026-06-03 22:00,22,Wednesday,Tech Corridor Supercharger,704.8,5,0.18,695.0
2026-06-03 22:00,22,Wednesday,Airport Transit Hub,642.2,5,0.18,679.7
2026-06-03 22:00,22,Wednesday,Suburban Plaza,533.5,4,0.18,552.1
2026-06-03 23:00,23,Wednesday,Downtown Metro Hub,1106.7,9,0.18,1142.2
2026-06-03 23:00,23,Wednesday,Tech Corridor Supercharger,896.1,7,0.18,870.2
2026-06-03 23:00,23,Wednesday,Airport Transit Hub,628.3,5,0.18,659.8
2026-06-03 23:00,23,Wednesday,Suburban Plaza,631.0,5,0.18,651.0
2026-06-04 00:00,0,Thursday,Downtown Metro Hub,1177.8,9,0.18,1188.2
2026-06-04 00:00,0,Thursday,Tech Corridor Supercharger,908.9,7,0.18,894.4
2026-06-04 00:00,0,Thursday,Airport Transit Hub,702.0,5,0.18,660.8
2026-06-04 00:00,0,Thursday,Suburban Plaza,687.6,5,0.18,732.9
2026-06-04 01:00,1,Thursday,Downtown Metro Hub,1175.0,9,0.18,1200.2
2026-06-04 01:00,1,Thursday,Tech Corridor Supercharger,923.6,7,0.18,896.1
2026-06-04 01:00,1,Thursday,Airport Transit Hub,611.0,5,0.18,615.2
2026-06-04 01:00,1,Thursday,Suburban Plaza,712.4,5,0.18,691.5
2026-06-04 02:00,2,Thursday,Downtown Metro Hub,997.8,8,0.18,1036.3
2026-06-04 02:00,2,Thursday,Tech Corridor Supercharger,738.8,6,0.18,730.4
2026-06-04 02:00,2,Thursday,Airport Transit Hub,536.8,4,0.18,527.4
2026-06-04 02:00,2,Thursday,Suburban Plaza,506.7,4,0.18,469.9
2026-06-04 03:00,3,Thursday,Downtown Metro Hub,709.7,5,0.18,757.5
2026-06-04 03:00,3,Thursday,Tech Corridor Supercharger,655.8,5,0.18,650.1
2026-06-04 03:00,3,Thursday,Airport Transit Hub,384.7,3,0.18,407.9
2026-06-04 03:00,3,Thursday,Suburban Plaza,370.7,3,0.18,360.1
2026-06-04 04:00,4,Thursday,Downtown Metro Hub,513.4,4,0.18,525.2
2026-06-04 04:00,4,Thursday,Tech Corridor Supercharger,447.0,3,0.18,445.7
2026-06-04 04:00,4,Thursday,Airport Transit Hub,265.3,2,0.18,280.1
2026-06-04 04:00,4,Thursday,Suburban Plaza,317.5,2,0.18,309.4
2026-06-04 05:00,5,Thursday,Downtown Metro Hub,360.9,3,0.18,362.5
2026-06-04 05:00,5,Thursday,Tech Corridor Supercharger,371.9,3,0.18,375.7
2026-06-04 05:00,5,Thursday,Airport Transit Hub,318.8,2,0.18,302.5
2026-06-04 05:00,5,Thursday,Suburban Plaza,222.7,1,0.18,219.1
2026-06-04 06:00,6,Thursday,Downtown Metro Hub,345.9,2,0.18,345.6
2026-06-04 06:00,6,Thursday,Tech Corridor Supercharger,259.6,2,0.18,258.2
2026-06-04 06:00,6,Thursday,Airport Transit Hub,226.5,1,0.18,228.8
2026-06-04 06:00,6,Thursday,Suburban Plaza,196.4,1,0.18,205.4
2026-06-04 07:00,7,Thursday,Downtown Metro Hub,406.1,3,0.18,397.5
2026-06-04 07:00,7,Thursday,Tech Corridor Supercharger,282.3,2,0.18,296.6
2026-06-04 07:00,7,Thursday,Airport Transit Hub,215.6,1,0.18,212.9
2026-06-04 07:00,7,Thursday,Suburban Plaza,234.0,1,0.18,235.3
2026-06-04 08:00,8,Thursday,Downtown Metro Hub,554.9,4,0.18,558.7
2026-06-04 08:00,8,Thursday,Tech Corridor Supercharger,512.7,4,0.18,519.8
2026-06-04 08:00,8,Thursday,Airport Transit Hub,319.9,2,0.18,324.8
2026-06-04 08:00,8,Thursday,Suburban Plaza,316.5,2,0.18,323.3
2026-06-04 09:00,9,Thursday,Downtown Metro Hub,748.9,6,0.18,788.2
2026-06-04 09:00,9,Thursday,Tech Corridor Supercharger,599.8,4,0.18,624.4
2026-06-04 09:00,9,Thursday,Airport Transit Hub,468.0,3,0.18,449.5
2026-06-04 09:00,9,Thursday,Suburban Plaza,446.9,3,0.18,470.5
2026-06-04 10:00,10,Thursday,Downtown Metro Hub,947.5,7,0.18,992.3
2026-06-04 10:00,10,Thursday,Tech Corridor Supercharger,798.0,6,0.18,780.1
2026-06-04 10:00,10,Thursday,Airport Transit Hub,526.4,4,0.18,523.0
2026-06-04 10:00,10,Thursday,Suburban Plaza,523.8,4,0.18,528.5
2026-06-04 11:00,11,Thursday,Downtown Metro Hub,1137.8,9,0.18,1098.6
2026-06-04 11:00,11,Thursday,Tech Corridor Supercharger,881.2,7,0.18,880.4
2026-06-04 11:00,11,Thursday,Airport Transit Hub,614.7,5,0.18,630.6
2026-06-04 11:00,11,Thursday,Suburban Plaza,734.0,6,0.18,704.1
2026-06-04 12:00,12,Thursday,Downtown Metro Hub,1174.1,9,0.18,1194.1
2026-06-04 12:00,12,Thursday,Tech Corridor Supercharger,937.1,7,0.18,989.3
2026-06-04 12:00,12,Thursday,Airport Transit Hub,709.0,5,0.18,746.2
2026-06-04 12:00,12,Thursday,Suburban Plaza,684.3,5,0.18,681.0
2026-06-04 13:00,13,Thursday,Downtown Metro Hub,1120.4,9,0.18,1108.5
2026-06-04 13:00,13,Thursday,Tech Corridor Supercharger,928.1,7,0.18,858.8
2026-06-04 13:00,13,Thursday,Airport Transit Hub,679.2,5,0.18,679.2
2026-06-04 13:00,13,Thursday,Suburban Plaza,592.5,4,0.18,613.8
2026-06-04 14:00,14,Thursday,Downtown Metro Hub,1043.8,8,0.18,1034.0
2026-06-04 14:00,14,Thursday,Tech Corridor Supercharger,812.5,6,0.18,762.9
2026-06-04 14:00,14,Thursday,Airport Transit Hub,584.0,4,0.18,542.7
2026-06-04 14:00,14,Thursday,Suburban Plaza,552.3,4,0.18,517.7
2026-06-04 15:00,15,Thursday,Downtown Metro Hub,730.7,6,0.18,744.8
2026-06-04 15:00,15,Thursday,Tech Corridor Supercharger,576.1,4,0.18,559.2
2026-06-04 15:00,15,Thursday,Airport Transit Hub,451.2,3,0.18,453.2
2026-06-04 15:00,15,Thursday,Suburban Plaza,439.6,3,0.18,448.1
2026-06-04 16:00,16,Thursday,Downtown Metro Hub,562.6,4,0.42,603.3
2026-06-04 16:00,16,Thursday,Tech Corridor Supercharger,430.5,3,0.42,428.0
2026-06-04 16:00,16,Thursday,Airport Transit Hub,387.7,3,0.42,381.6
2026-06-04 16:00,16,Thursday,Suburban Plaza,389.9,3,0.42,390.2
2026-06-04 17:00,17,Thursday,Downtown Metro Hub,398.4,3,0.42,393.8
2026-06-04 17:00,17,Thursday,Tech Corridor Supercharger,282.6,2,0.42,270.2
2026-06-04 17:00,17,Thursday,Airport Transit Hub,231.7,1,0.42,231.2
2026-06-04 17:00,17,Thursday,Suburban Plaza,236.1,1,0.42,237.0
2026-06-04 18:00,18,Thursday,Downtown Metro Hub,349.1,2,0.42,357.5
2026-06-04 18:00,18,Thursday,Tech Corridor Supercharger,320.9,2,0.42,301.6
2026-06-04 18:00,18,Thursday,Airport Transit Hub,198.4,1,0.42,184.7
2026-06-04 18:00,18,Thursday,Suburban Plaza,189.0,1,0.42,195.0
2026-06-04 19:00,19,Thursday,Downtown Metro Hub,383.5,3,0.42,370.0
2026-06-04 19:00,19,Thursday,Tech Corridor Supercharger,305.0,2,0.42,302.0
2026-06-04 19:00,19,Thursday,Airport Transit Hub,243.8,2,0.42,236.9
2026-06-04 19:00,19,Thursday,Suburban Plaza,230.9,1,0.42,224.7
2026-06-04 20:00,20,Thursday,Downtown Metro Hub,566.7,4,0.42,550.2
2026-06-04 20:00,20,Thursday,Tech Corridor Supercharger,437.3,3,0.42,452.7
2026-06-04 20:00,20,Thursday,Airport Transit Hub,349.6,2,0.42,374.1
2026-06-04 20:00,20,Thursday,Suburban Plaza,368.6,3,0.42,373.4
2026-06-04 21:00,21,Thursday,Downtown Metro Hub,774.5,6,0.42,752.4
2026-06-04 21:00,21,Thursday,Tech Corridor Supercharger,638.9,5,0.42,618.7
2026-06-04 21:00,21,Thursday,Airport Transit Hub,504.0,4,0.42,527.4
2026-06-04 21:00,21,Thursday,Suburban Plaza,408.6,3,0.42,399.1
2026-06-04 22:00,22,Thursday,Downtown Metro Hub,983.8,8,0.18,911.3
2026-06-04 22:00,22,Thursday,Tech Corridor Supercharger,706.5,5,0.18,674.0
2026-06-04 22:00,22,Thursday,Airport Transit Hub,550.8,4,0.18,554.6
2026-06-04 22:00,22,Thursday,Suburban Plaza,539.1,4,0.18,578.0
2026-06-04 23:00,23,Thursday,Downtown Metro Hub,1086.4,9,0.18,1162.8
2026-06-04 23:00,23,Thursday,Tech Corridor Supercharger,886.6,7,0.18,879.8
2026-06-04 23:00,23,Thursday,Airport Transit Hub,669.7,5,0.18,664.8
2026-06-04 23:00,23,Thursday,Suburban Plaza,674.7,5,0.18,667.0
2026-06-05 00:00,0,Friday,Downtown Metro Hub,1242.1,10,0.18,1286.9
2026-06-05 00:00,0,Friday,Tech Corridor Supercharger,956.2,7,0.18,924.6
2026-06-05 00:00,0,Friday,Airport Transit Hub,720.9,6,0.18,700.3
2026-06-05 00:00,0,Friday,Suburban Plaza,653.9,5,0.18,697.8
2026-06-05 01:00,1,Friday,Downtown Metro Hub,1105.0,9,0.18,1101.1
2026-06-05 01:00,1,Friday,Tech Corridor Supercharger,851.8,7,0.18,816.5
2026-06-05 01:00,1,Friday,Airport Transit Hub,630.2,5,0.18,616.3
2026-06-05 01:00,1,Friday,Suburban Plaza,571.2,4,0.18,555.9
2026-06-05 02:00,2,Friday,Downtown Metro Hub,983.4,8,0.18,1033.9
2026-06-05 02:00,2,Friday,Tech Corridor Supercharger,794.8,6,0.18,780.8
2026-06-05 02:00,2,Friday,Airport Transit Hub,536.3,4,0.18,523.1
2026-06-05 02:00,2,Friday,Suburban Plaza,579.3,4,0.18,557.2
2026-06-05 03:00,3,Friday,Downtown Metro Hub,775.2,6,0.18,771.0
2026-06-05 03:00,3,Friday,Tech Corridor Supercharger,631.9,5,0.18,622.3
2026-06-05 03:00,3,Friday,Airport Transit Hub,520.9,4,0.18,510.3
2026-06-05 03:00,3,Friday,Suburban Plaza,432.5,3,0.18,428.3
2026-06-05 04:00,4,Friday,Downtown Metro Hub,575.7,4,0.18,531.2
2026-06-05 04:00,4,Friday,Tech Corridor Supercharger,484.8,4,0.18,498.5
2026-06-05 04:00,4,Friday,Airport Transit Hub,391.7,3,0.18,390.6
2026-06-05 04:00,4,Friday,Suburban Plaza,306.4,2,0.18,296.5
2026-06-05 05:00,5,Friday,Downtown Metro Hub,331.9,2,0.18,331.8
2026-06-05 05:00,5,Friday,Tech Corridor Supercharger,282.7,2,0.18,272.8
2026-06-05 05:00,5,Friday,Airport Transit Hub,211.2,1,0.18,207.8
2026-06-05 05:00,5,Friday,Suburban Plaza,245.0,2,0.18,247.2
2026-06-05 06:00,6,Friday,Downtown Metro Hub,374.9,3,0.18,356.7
2026-06-05 06:00,6,Friday,Tech Corridor Supercharger,346.8,2,0.18,325.1
2026-06-05 06:00,6,Friday,Airport Transit Hub,152.7,1,0.18,147.6
2026-06-05 06:00,6,Friday,Suburban Plaza,185.9,1,0.18,185.8
2026-06-05 07:00,7,Friday,Downtown Metro Hub,420.8,3,0.18,427.7
2026-06-05 07:00,7,Friday,Tech Corridor Supercharger,295.2,2,0.18,281.6
2026-06-05 07:00,7,Friday,Airport Transit Hub,185.1,1,0.18,192.2
2026-06-05 07:00,7,Friday,Suburban Plaza,200.2,1,0.18,192.4
2026-06-05 08:00,8,Friday,Downtown Metro Hub,547.8,4,0.18,523.8
2026-06-05 08:00,8,Friday,Tech Corridor Supercharger,428.9,3,0.18,446.8
2026-06-05 08:00,8,Friday,Airport Transit Hub,332.8,2,0.18,327.9
2026-06-05 08:00,8,Friday,Suburban Plaza,279.2,2,0.18,265.8
2026-06-05 09:00,9,Friday,Downtown Metro Hub,753.4,6,0.18,732.1
2026-06-05 09:00,9,Friday,Tech Corridor Supercharger,571.9,4,0.18,565.0
2026-06-05 09:00,9,Friday,Airport Transit Hub,423.5,3,0.18,389.4
2026-06-05 09:00,9,Friday,Suburban Plaza,477.0,3,0.18,513.6
2026-06-05 10:00,10,Friday,Downtown Metro Hub,1007.9,8,0.18,1017.4
2026-06-05 10:00,10,Friday,Tech Corridor Supercharger,757.7,6,0.18,765.0
2026-06-05 10:00,10,Friday,Airport Transit Hub,522.7,4,0.18,504.2
2026-06-05 10:00,10,Friday,Suburban Plaza,563.2,4,0.18,587.8
2026-06-05 11:00,11,Friday,Downtown Metro Hub,1137.3,9,0.18,1041.2
2026-06-05 11:00,11,Friday,Tech Corridor Supercharger,914.3,7,0.18,902.9
2026-06-05 11:00,11,Friday,Airport Transit Hub,599.3,4,0.18,592.9
2026-06-05 11:00,11,Friday,Suburban Plaza,707.5,5,0.18,736.1
2026-06-05 12:00,12,Friday,Downtown Metro Hub,1179.8,9,0.18,1190.3
2026-06-05 12:00,12,Friday,Tech Corridor Supercharger,953.9,7,0.18,896.7
2026-06-05 12:00,12,Friday,Airport Transit Hub,640.3,5,0.18,669.4
2026-06-05 12:00,12,Friday,Suburban Plaza,654.4,5,0.18,669.6
2026-06-05 13:00,13,Friday,Downtown Metro Hub,1201.4,10,0.18,1254.7
2026-06-05 13:00,13,Friday,Tech Corridor Supercharger,940.0,7,0.18,974.4
2026-06-05 13:00,13,Friday,Airport Transit Hub,739.0,6,0.18,767.0
2026-06-05 13:00,13,Friday,Suburban Plaza,674.3,5,0.18,692.9
2026-06-05 14:00,14,Friday,Downtown Metro Hub,973.4,8,0.18,990.9
2026-06-05 14:00,14,Friday,Tech Corridor Supercharger,775.9,6,0.18,795.7
2026-06-05 14:00,14,Friday,Airport Transit Hub,595.4,4,0.18,629.2
2026-06-05 14:00,14,Friday,Suburban Plaza,535.8,4,0.18,526.1
2026-06-05 15:00,15,Friday,Downtown Metro Hub,827.6,6,0.18,818.6
2026-06-05 15:00,15,Friday,Tech Corridor Supercharger,612.7,5,0.18,600.4
2026-06-05 15:00,15,Friday,Airport Transit Hub,463.8,3,0.18,446.6
2026-06-05 15:00,15,Friday,Suburban Plaza,436.1,3,0.18,442.0
2026-06-05 16:00,16,Friday,Downtown Metro Hub,504.8,4,0.42,502.3
2026-06-05 16:00,16,Friday,Tech Corridor Supercharger,481.7,4,0.42,497.4
2026-06-05 16:00,16,Friday,Airport Transit Hub,285.4,2,0.42,280.6
2026-06-05 16:00,16,Friday,Suburban Plaza,341.5,2,0.42,337.0
2026-06-05 17:00,17,Friday,Downtown Metro Hub,412.0,3,0.42,433.3
2026-06-05 17:00,17,Friday,Tech Corridor Supercharger,338.5,2,0.42,346.3
2026-06-05 17:00,17,Friday,Airport Transit Hub,211.2,1,0.42,206.2
2026-06-05 17:00,17,Friday,Suburban Plaza,270.3,2,0.42,276.1
2026-06-05 18:00,18,Friday,Downtown Metro Hub,285.2,2,0.42,295.2
2026-06-05 18:00,18,Friday,Tech Corridor Supercharger,367.1,3,0.42,373.3
2026-06-05 18:00,18,Friday,Airport Transit Hub,162.4,1,0.42,167.6
2026-06-05 18:00,18,Friday,Suburban Plaza,199.4,1,0.42,205.1
2026-06-05 19:00,19,Friday,Downtown Metro Hub,412.7,3,0.42,391.0
2026-06-05 19:00,19,Friday,Tech Corridor Supercharger,267.2,2,0.42,266.3
2026-06-05 19:00,19,Friday,Airport Transit Hub,326.5,2,0.42,334.7
2026-06-05 19:00,19,Friday,Suburban Plaza,219.7,1,0.42,225.4
2026-06-05 20:00,20,Friday,Downtown Metro Hub,544.9,4,0.42,566.4
2026-06-05 20:00,20,Friday,Tech Corridor Supercharger,425.6,3,0.42,432.2
2026-06-05 20:00,20,Friday,Airport Transit Hub,314.0,2,0.42,327.2
2026-06-05 20:00,20,Friday,Suburban Plaza,319.6,2,0.42,333.7
2026-06-05 21:00,21,Friday,Downtown Metro Hub,723.6,6,0.42,745.4
2026-06-05 21:00,21,Friday,Tech Corridor Supercharger,580.1,4,0.42,564.8
2026-06-05 21:00,21,Friday,Airport Transit Hub,404.5,3,0.42,405.3
2026-06-05 21:00,21,Friday,Suburban Plaza,454.7,3,0.42,464.2
2026-06-05 22:00,22,Friday,Downtown Metro Hub,930.7,7,0.18,966.3
2026-06-05 22:00,22,Friday,Tech Corridor Supercharger,708.7,5,0.18,725.1
2026-06-05 22:00,22,Friday,Airport Transit Hub,556.0,4,0.18,557.2
2026-06-05 22:00,22,Friday,Suburban Plaza,577.7,4,0.18,580.9
2026-06-05 23:00,23,Friday,Downtown Metro Hub,1058.4,8,0.18,1125.1
2026-06-05 23:00,23,Friday,Tech Corridor Supercharger,867.2,7,0.18,890.3
2026-06-05 23:00,23,Friday,Airport Transit Hub,610.4,5,0.18,659.8
2026-06-05 23:00,23,Friday,Suburban Plaza,685.6,5,0.18,693.5
2026-06-06 00:00,0,Saturday,Downtown Metro Hub,1181.6,9,0.18,1258.1
2026-06-06 00:00,0,Saturday,Tech Corridor Supercharger,903.8,7,0.18,903.0
2026-06-06 00:00,0,Saturday,Airport Transit Hub,716.9,5,0.18,718.7
2026-06-06 00:00,0,Saturday,Suburban Plaza,783.0,6,0.18,784.5
2026-06-06 01:00,1,Saturday,Downtown Metro Hub,1141.7,9,0.18,1172.9
2026-06-06 01:00,1,Saturday,Tech Corridor Supercharger,924.1,7,0.18,826.3
2026-06-06 01:00,1,Saturday,Airport Transit Hub,602.2,5,0.18,637.8
2026-06-06 01:00,1,Saturday,Suburban Plaza,772.7,6,0.18,760.5
2026-06-06 02:00,2,Saturday,Downtown Metro Hub,965.7,8,0.18,923.5
2026-06-06 02:00,2,Saturday,Tech Corridor Supercharger,871.5,7,0.18,813.5
2026-06-06 02:00,2,Saturday,Airport Transit Hub,489.7,4,0.18,501.5
2026-06-06 02:00,2,Saturday,Suburban Plaza,701.0,5,0.18,676.9
2026-06-06 03:00,3,Saturday,Downtown Metro Hub,807.4,6,0.18,827.2
2026-06-06 03:00,3,Saturday,Tech Corridor Supercharger,625.6,5,0.18,627.6
2026-06-06 03:00,3,Saturday,Airport Transit Hub,410.9,3,0.18,396.9
2026-06-06 03:00,3,Saturday,Suburban Plaza,499.8,4,0.18,513.8
2026-06-06 04:00,4,Saturday,Downtown Metro Hub,530.6,4,0.18,565.0
2026-06-06 04:00,4,Saturday,Tech Corridor Supercharger,350.3,2,0.18,333.5
2026-06-06 04:00,4,Saturday,Airport Transit Hub,337.6,2,0.18,329.2
2026-06-06 04:00,4,Saturday,Suburban Plaza,426.5,3,0.18,424.0
2026-06-06 05:00,5,Saturday,Downtown Metro Hub,357.8,2,0.18,336.9
2026-06-06 05:00,5,Saturday,Tech Corridor Supercharger,346.8,2,0.18,376.6
2026-06-06 05:00,5,Saturday,Airport Transit Hub,229.6,1,0.18,230.9
2026-06-06 05:00,5,Saturday,Suburban Plaza,340.9,2,0.18,336.6
2026-06-06 06:00,6,Saturday,Downtown Metro Hub,375.5,3,0.18,361.7
2026-06-06 06:00,6,Saturday,Tech Corridor Supercharger,286.2,2,0.18,274.5
2026-06-06 06:00,6,Saturday,Airport Transit Hub,207.0,1,0.18,208.4
2026-06-06 06:00,6,Saturday,Suburban Plaza,314.7,2,0.18,315.2
2026-06-06 07:00,7,Saturday,Downtown Metro Hub,406.2,3,0.18,412.2
2026-06-06 07:00,7,Saturday,Tech Corridor Supercharger,323.8,2,0.18,306.2
2026-06-06 07:00,7,Saturday,Airport Transit Hub,221.2,1,0.18,220.0
2026-06-06 07:00,7,Saturday,Suburban Plaza,352.7,2,0.18,364.3
2026-06-06 08:00,8,Saturday,Downtown Metro Hub,496.0,4,0.18,506.3
2026-06-06 08:00,8,Saturday,Tech Corridor Supercharger,367.5,3,0.18,354.9
2026-06-06 08:00,8,Saturday,Airport Transit Hub,345.7,2,0.18,356.9
2026-06-06 08:00,8,Saturday,Suburban Plaza,385.4,3,0.18,407.7
2026-06-06 09:00,9,Saturday,Downtown Metro Hub,819.6,6,0.18,811.2
2026-06-06 09:00,9,Saturday,Tech Corridor Supercharger,643.5,5,0.18,645.2
2026-06-06 09:00,9,Saturday,Airport Transit Hub,470.5,3,0.18,470.1
2026-06-06 09:00,9,Saturday,Suburban Plaza,576.3,4,0.18,590.7
2026-06-06 10:00,10,Saturday,Downtown Metro Hub,975.1,8,0.18,987.8
2026-06-06 10:00,10,Saturday,Tech Corridor Supercharger,837.7,6,0.18,799.5
2026-06-06 10:00,10,Saturday,Airport Transit Hub,601.0,5,0.18,648.0
2026-06-06 10:00,10,Saturday,Suburban Plaza,697.4,5,0.18,706.0
2026-06-06 11:00,11,Saturday,Downtown Metro Hub,1154.5,9,0.18,1245.8
2026-06-06 11:00,11,Saturday,Tech Corridor Supercharger,968.3,8,0.18,1019.5
2026-06-06 11:00,11,Saturday,Airport Transit Hub,632.8,5,0.18,625.0
2026-06-06 11:00,11,Saturday,Suburban Plaza,721.2,6,0.18,716.7
2026-06-06 12:00,12,Saturday,Downtown Metro Hub,1198.1,9,0.18,1153.1
2026-06-06 12:00,12,Saturday,Tech Corridor Supercharger,914.3,7,0.18,889.3
2026-06-06 12:00,12,Saturday,Airport Transit Hub,724.9,6,0.18,713.9
2026-06-06 12:00,12,Saturday,Suburban Plaza,827.7,6,0.18,832.4
2026-06-06 13:00,13,Saturday,Downtown Metro Hub,1079.8,8,0.18,1118.5
2026-06-06 13:00,13,Saturday,Tech Corridor Supercharger,911.2,7,0.18,959.5
2026-06-06 13:00,13,Saturday,Airport Transit Hub,671.5,5,0.18,669.7
2026-06-06 13:00,13,Saturday,Suburban Plaza,737.4,6,0.18,747.4
2026-06-06 14:00,14,Saturday,Downtown Metro Hub,924.6,7,0.18,936.1
2026-06-06 14:00,14,Saturday,Tech Corridor Supercharger,752.8,6,0.18,770.6
2026-06-06 14:00,14,Saturday,Airport Transit Hub,560.1,4,0.18,566.8
2026-06-06 14:00,14,Saturday,Suburban Plaza,608.3,5,0.18,590.4
2026-06-06 15:00,15,Saturday,Downtown Metro Hub,704.9,5,0.18,705.2
2026-06-06 15:00,15,Saturday,Tech Corridor Supercharger,615.6,5,0.18,645.1
2026-06-06 15:00,15,Saturday,Airport Transit Hub,427.0,3,0.18,443.6
2026-06-06 15:00,15,Saturday,Suburban Plaza,598.8,4,0.18,618.9
2026-06-06 16:00,16,Saturday,Downtown Metro Hub,579.7,4,0.42,563.0
2026-06-06 16:00,16,Saturday,Tech Corridor Supercharger,440.2,3,0.42,419.5
2026-06-06 16:00,16,Saturday,Airport Transit Hub,288.7,2,0.42,299.8
2026-06-06 16:00,16,Saturday,Suburban Plaza,386.5,3,0.42,387.8
2026-06-06 17:00,17,Saturday,Downtown Metro Hub,347.4,2,0.42,355.3
2026-06-06 17:00,17,Saturday,Tech Corridor Supercharger,267.9,2,0.42,276.3
2026-06-06 17:00,17,Saturday,Airport Transit Hub,240.1,2,0.42,246.4
2026-06-06 17:00,17,Saturday,Suburban Plaza,386.2,3,0.42,371.8
2026-06-06 18:00,18,Saturday,Downtown Metro Hub,349.9,2,0.42,340.7
2026-06-06 18:00,18,Saturday,Tech Corridor Supercharger,337.1,2,0.42,322.6
2026-06-06 18:00,18,Saturday,Airport Transit Hub,182.5,1,0.42,183.5
2026-06-06 18:00,18,Saturday,Suburban Plaza,319.0,2,0.42,317.8
2026-06-06 19:00,19,Saturday,Downtown Metro Hub,347.7,2,0.42,382.5
2026-06-06 19:00,19,Saturday,Tech Corridor Supercharger,292.2,2,0.42,315.2
2026-06-06 19:00,19,Saturday,Airport Transit Hub,255.7,2,0.42,246.4
2026-06-06 19:00,19,Saturday,Suburban Plaza,411.4,3,0.42,391.3
2026-06-06 20:00,20,Saturday,Downtown Metro Hub,554.2,4,0.42,548.2
2026-06-06 20:00,20,Saturday,Tech Corridor Supercharger,471.6,3,0.42,483.4
2026-06-06 20:00,20,Saturday,Airport Transit Hub,296.5,2,0.42,307.9
2026-06-06 20:00,20,Saturday,Suburban Plaza,472.6,3,0.42,468.7
2026-06-06 21:00,21,Saturday,Downtown Metro Hub,773.2,6,0.42,784.6
2026-06-06 21:00,21,Saturday,Tech Corridor Supercharger,566.2,4,0.42,534.0
2026-06-06 21:00,21,Saturday,Airport Transit Hub,415.6,3,0.42,439.8
2026-06-06 21:00,21,Saturday,Suburban Plaza,636.3,5,0.42,599.9
2026-06-06 22:00,22,Saturday,Downtown Metro Hub,993.1,8,0.18,991.3
2026-06-06 22:00,22,Saturday,Tech Corridor Supercharger,797.7,6,0.18,788.9
2026-06-06 22:00,22,Saturday,Airport Transit Hub,534.7,4,0.18,529.9
2026-06-06 22:00,22,Saturday,Suburban Plaza,702.0,5,0.18,682.7
2026-06-06 23:00,23,Saturday,Downtown Metro Hub,1135.5,9,0.18,1091.0
2026-06-06 23:00,23,Saturday,Tech Corridor Supercharger,931.5,7,0.18,920.3
2026-06-06 23:00,23,Saturday,Airport Transit Hub,682.0,5,0.18,710.9
2026-06-06 23:00,23,Saturday,Suburban Plaza,735.4,6,0.18,809.1
2026-06-07 00:00,0,Sunday,Downtown Metro Hub,1220.0,10,0.18,1207.5
2026-06-07 00:00,0,Sunday,Tech Corridor Supercharger,928.4,7,0.18,858.7
2026-06-07 00:00,0,Sunday,Airport Transit Hub,678.0,5,0.18,647.8
2026-06-07 00:00,0,Sunday,Suburban Plaza,845.7,7,0.18,881.6
2026-06-07 01:00,1,Sunday,Downtown Metro Hub,1112.1,9,0.18,1144.2
2026-06-07 01:00,1,Sunday,Tech Corridor Supercharger,829.0,6,0.18,772.9
2026-06-07 01:00,1,Sunday,Airport Transit Hub,625.4,5,0.18,596.6
2026-06-07 01:00,1,Sunday,Suburban Plaza,753.0,6,0.18,769.8
2026-06-07 02:00,2,Sunday,Downtown Metro Hub,973.9,8,0.18,963.7
2026-06-07 02:00,2,Sunday,Tech Corridor Supercharger,800.5,6,0.18,781.8
2026-06-07 02:00,2,Sunday,Airport Transit Hub,578.7,4,0.18,540.1
2026-06-07 02:00,2,Sunday,Suburban Plaza,680.5,5,0.18,678.6
2026-06-07 03:00,3,Sunday,Downtown Metro Hub,806.0,6,0.18,796.2
2026-06-07 03:00,3,Sunday,Tech Corridor Supercharger,614.3,5,0.18,625.0
2026-06-07 03:00,3,Sunday,Airport Transit Hub,383.7,3,0.18,374.7
2026-06-07 03:00,3,Sunday,Suburban Plaza,543.5,4,0.18,590.2
2026-06-07 04:00,4,Sunday,Downtown Metro Hub,558.6,4,0.18,559.4
2026-06-07 04:00,4,Sunday,Tech Corridor Supercharger,448.9,3,0.18,441.2
2026-06-07 04:00,4,Sunday,Airport Transit Hub,393.9,3,0.18,384.8
2026-06-07 04:00,4,Sunday,Suburban Plaza,420.1,3,0.18,410.0
2026-06-07 05:00,5,Sunday,Downtown Metro Hub,422.4,3,0.18,430.2
2026-06-07 05:00,5,Sunday,Tech Corridor Supercharger,275.6,2,0.18,285.2
2026-06-07 05:00,5,Sunday,Airport Transit Hub,220.4,1,0.18,222.6
2026-06-07 05:00,5,Sunday,Suburban Plaza,263.5,2,0.18,272.4
2026-06-07 06:00,6,Sunday,Downtown Metro Hub,391.7,3,0.18,374.5
2026-06-07 06:00,6,Sunday,Tech Corridor Supercharger,263.6,2,0.18,284.3
2026-06-07 06:00,6,Sunday,Airport Transit Hub,226.8,1,0.18,242.9
2026-06-07 06:00,6,Sunday,Suburban Plaza,364.5,3,0.18,377.5
2026-06-07 07:00,7,Sunday,Downtown Metro Hub,384.1,3,0.18,372.6
2026-06-07 07:00,7,Sunday,Tech Corridor Supercharger,294.5,2,0.18,282.6
2026-06-07 07:00,7,Sunday,Airport Transit Hub,227.7,1,0.18,224.6
2026-06-07 07:00,7,Sunday,Suburban Plaza,401.6,3,0.18,403.6
2026-06-07 08:00,8,Sunday,Downtown Metro Hub,564.0,4,0.18,540.5
2026-06-07 08:00,8,Sunday,Tech Corridor Supercharger,439.0,3,0.18,430.6
2026-06-07 08:00,8,Sunday,Airport Transit Hub,297.5,2,0.18,301.4
2026-06-07 08:00,8,Sunday,Suburban Plaza,524.6,4,0.18,519.1
2026-06-07 09:00,9,Sunday,Downtown Metro Hub,730.1,6,0.18,676.5
2026-06-07 09:00,9,Sunday,Tech Corridor Supercharger,543.2,4,0.18,514.7
2026-06-07 09:00,9,Sunday,Airport Transit Hub,380.9,3,0.18,380.4
2026-06-07 09:00,9,Sunday,Suburban Plaza,552.2,4,0.18,564.4
2026-06-07 10:00,10,Sunday,Downtown Metro Hub,991.5,8,0.18,949.7
2026-06-07 10:00,10,Sunday,Tech Corridor Supercharger,856.5,7,0.18,830.0
2026-06-07 10:00,10,Sunday,Airport Transit Hub,620.1,5,0.18,597.2
2026-06-07 10:00,10,Sunday,Suburban Plaza,674.3,5,0.18,707.8
2026-06-07 11:00,11,Sunday,Downtown Metro Hub,1137.3,9,0.18,1164.6
2026-06-07 11:00,11,Sunday,Tech Corridor Supercharger,911.2,7,0.18,894.7
2026-06-07 11:00,11,Sunday,Airport Transit Hub,686.9,5,0.18,678.4
2026-06-07 11:00,11,Sunday,Suburban Plaza,781.7,6,0.18,771.4
2026-06-07 12:00,12,Sunday,Downtown Metro Hub,1198.1,9,0.18,1133.3
2026-06-07 12:00,12,Sunday,Tech Corridor Supercharger,974.7,8,0.18,1033.6
2026-06-07 12:00,12,Sunday,Airport Transit Hub,675.6,5,0.18,745.3
2026-06-07 12:00,12,Sunday,Suburban Plaza,799.7,6,0.18,788.0
2026-06-07 13:00,13,Sunday,Downtown Metro Hub,1126.5,9,0.18,1126.3
2026-06-07 13:00,13,Sunday,Tech Corridor Supercharger,877.7,7,0.18,887.4
2026-06-07 13:00,13,Sunday,Airport Transit Hub,655.4,5,0.18,686.9
2026-06-07 13:00,13,Sunday,Suburban Plaza,738.8,6,0.18,732.6
2026-06-07 14:00,14,Sunday,Downtown Metro Hub,996.9,8,0.18,1003.1
2026-06-07 14:00,14,Sunday,Tech Corridor Supercharger,784.5,6,0.18,811.6
2026-06-07 14:00,14,Sunday,Airport Transit Hub,544.2,4,0.18,545.0
2026-06-07 14:00,14,Sunday,Suburban Plaza,671.6,5,0.18,719.1
2026-06-07 15:00,15,Sunday,Downtown Metro Hub,803.3,6,0.18,836.6
2026-06-07 15:00,15,Sunday,Tech Corridor Supercharger,668.8,5,0.18,669.7
2026-06-07 15:00,15,Sunday,Airport Transit Hub,490.7,4,0.18,532.7
2026-06-07 15:00,15,Sunday,Suburban Plaza,570.3,4,0.18,557.8
2026-06-07 16:00,16,Sunday,Downtown Metro Hub,538.4,4,0.42,549.0
2026-06-07 16:00,16,Sunday,Tech Corridor Supercharger,439.5,3,0.42,448.2
2026-06-07 16:00,16,Sunday,Airport Transit Hub,256.6,2,0.42,257.0
2026-06-07 16:00,16,Sunday,Suburban Plaza,413.1,3,0.42,429.0
2026-06-07 17:00,17,Sunday,Downtown Metro Hub,423.3,3,0.42,422.2
2026-06-07 17:00,17,Sunday,Tech Corridor Supercharger,312.7,2,0.42,315.3
2026-06-07 17:00,17,Sunday,Airport Transit Hub,188.8,1,0.42,190.0
2026-06-07 17:00,17,Sunday,Suburban Plaza,341.8,2,0.42,368.7
2026-06-07 18:00,18,Sunday,Downtown Metro Hub,378.3,3,0.42,374.0
2026-06-07 18:00,18,Sunday,Tech Corridor Supercharger,233.3,1,0.42,228.9
2026-06-07 18:00,18,Sunday,Airport Transit Hub,210.1,1,0.42,209.8
2026-06-07 18:00,18,Sunday,Suburban Plaza,316.2,2,0.42,316.3
2026-06-07 19:00,19,Sunday,Downtown Metro Hub,420.3,3,0.42,408.7
2026-06-07 19:00,19,Sunday,Tech Corridor Supercharger,395.0,3,0.42,370.7
2026-06-07 19:00,19,Sunday,Airport Transit Hub,247.3,2,0.42,242.7
2026-06-07 19:00,19,Sunday,Suburban Plaza,335.2,2,0.42,351.7
2026-06-07 20:00,20,Sunday,Downtown Metro Hub,529.1,4,0.42,527.0
2026-06-07 20:00,20,Sunday,Tech Corridor Supercharger,388.9,3,0.42,400.9
2026-06-07 20:00,20,Sunday,Airport Transit Hub,286.0,2,0.42,290.6
2026-06-07 20:00,20,Sunday,Suburban Plaza,467.3,3,0.42,455.3
2026-06-07 21:00,21,Sunday,Downtown Metro Hub,729.8,6,0.42,720.0
2026-06-07 21:00,21,Sunday,Tech Corridor Supercharger,590.3,4,0.42,609.3
2026-06-07 21:00,21,Sunday,Airport Transit Hub,396.5,3,0.42,393.2
2026-06-07 21:00,21,Sunday,Suburban Plaza,543.4,4,0.42,521.1
2026-06-07 22:00,22,Sunday,Downtown Metro Hub,960.2,8,0.18,1007.7
2026-06-07 22:00,22,Sunday,Tech Corridor Supercharger,764.5,6,0.18,746.7
2026-06-07 22:00,22,Sunday,Airport Transit Hub,576.8,4,0.18,562.4
2026-06-07 22:00,22,Sunday,Suburban Plaza,723.3,6,0.18,770.7
2026-06-07 23:00,23,Sunday,Downtown Metro Hub,1081.3,9,0.18,1075.4
2026-06-07 23:00,23,Sunday,Tech Corridor Supercharger,883.2,7,0.18,938.5
2026-06-07 23:00,23,Sunday,Airport Transit Hub,641.1,5,0.18,615.3
2026-06-07 23:00,23,Sunday,Suburban Plaza,729.3,6,0.18,733.5
2026-06-08 00:00,0,Monday,Downtown Metro Hub,1175.1,9,0.18,1177.4
2026-06-08 00:00,0,Monday,Tech Corridor Supercharger,951.6,7,0.18,935.6
2026-06-08 00:00,0,Monday,Airport Transit Hub,668.3,5,0.18,638.0
2026-06-08 00:00,0,Monday,Suburban Plaza,698.6,5,0.18,705.5
2026-06-08 01:00,1,Monday,Downtown Metro Hub,1133.7,9,0.18,1135.2
2026-06-08 01:00,1,Monday,Tech Corridor Supercharger,911.7,7,0.18,892.6
2026-06-08 01:00,1,Monday,Airport Transit Hub,732.1,6,0.18,650.0
2026-06-08 01:00,1,Monday,Suburban Plaza,686.0,5,0.18,658.3
2026-06-08 02:00,2,Monday,Downtown Metro Hub,978.7,8,0.18,975.5
2026-06-08 02:00,2,Monday,Tech Corridor Supercharger,711.2,5,0.18,730.8
2026-06-08 02:00,2,Monday,Airport Transit Hub,546.0,4,0.18,540.9
2026-06-08 02:00,2,Monday,Suburban Plaza,592.1,4,0.18,594.1
2026-06-08 03:00,3,Monday,Downtown Metro Hub,834.2,6,0.18,826.1
2026-06-08 03:00,3,Monday,Tech Corridor Supercharger,597.5,4,0.18,605.0
2026-06-08 03:00,3,Monday,Airport Transit Hub,434.7,3,0.18,474.5
2026-06-08 03:00,3,Monday,Suburban Plaza,433.7,3,0.18,426.1
2026-06-08 04:00,4,Monday,Downtown Metro Hub,527.4,4,0.18,538.4
2026-06-08 04:00,4,Monday,Tech Corridor Supercharger,369.7,3,0.18,379.2
2026-06-08 04:00,4,Monday,Airport Transit Hub,276.7,2,0.18,268.4
2026-06-08 04:00,4,Monday,Suburban Plaza,336.3,2,0.18,352.5
2026-06-08 05:00,5,Monday,Downtown Metro Hub,420.1,3,0.18,422.4
2026-06-08 05:00,5,Monday,Tech Corridor Supercharger,251.9,2,0.18,265.3
2026-06-08 05:00,5,Monday,Airport Transit Hub,208.4,1,0.18,198.4
2026-06-08 05:00,5,Monday,Suburban Plaza,239.9,1,0.18,239.8
2026-06-08 06:00,6,Monday,Downtown Metro Hub,346.1,2,0.18,364.6
2026-06-08 06:00,6,Monday,Tech Corridor Supercharger,314.8,2,0.18,341.7
2026-06-08 06:00,6,Monday,Airport Transit Hub,223.0,1,0.18,216.4
2026-06-08 06:00,6,Monday,Suburban Plaza,236.1,1,0.18,233.2
2026-06-08 07:00,7,Monday,Downtown Metro Hub,355.5,2,0.18,362.3
2026-06-08 07:00,7,Monday,Tech Corridor Supercharger,235.0,1,0.18,241.3
2026-06-08 07:00,7,Monday,Airport Transit Hub,246.1,2,0.18,240.8
2026-06-08 07:00,7,Monday,Suburban Plaza,201.7,1,0.18,200.2
2026-06-08 08:00,8,Monday,Downtown Metro Hub,606.7,5,0.18,607.2
2026-06-08 08:00,8,Monday,Tech Corridor Supercharger,384.3,3,0.18,379.4
2026-06-08 08:00,8,Monday,Airport Transit Hub,289.6,2,0.18,277.8
2026-06-08 08:00,8,Monday,Suburban Plaza,287.9,2,0.18,289.4
2026-06-08 09:00,9,Monday,Downtown Metro Hub,760.3,6,0.18,749.5
2026-06-08 09:00,9,Monday,Tech Corridor Supercharger,573.5,4,0.18,596.9
2026-06-08 09:00,9,Monday,Airport Transit Hub,440.2,3,0.18,429.5
2026-06-08 09:00,9,Monday,Suburban Plaza,431.2,3,0.18,422.9
2026-06-08 10:00,10,Monday,Downtown Metro Hub,950.4,7,0.18,922.6
2026-06-08 10:00,10,Monday,Tech Corridor Supercharger,789.4,6,0.18,770.7
2026-06-08 10:00,10,Monday,Airport Transit Hub,545.5,4,0.18,517.8
2026-06-08 10:00,10,Monday,Suburban Plaza,608.8,5,0.18,588.4
2026-06-08 11:00,11,Monday,Downtown Metro Hub,1111.4,9,0.18,1052.8
2026-06-08 11:00,11,Monday,Tech Corridor Supercharger,941.6,7,0.18,969.4
2026-06-08 11:00,11,Monday,Airport Transit Hub,589.6,4,0.18,603.4
2026-06-08 11:00,11,Monday,Suburban Plaza,665.1,5,0.18,662.8
2026-06-08 12:00,12,Monday,Downtown Metro Hub,1192.7,9,0.18,1151.0
2026-06-08 12:00,12,Monday,Tech Corridor Supercharger,959.8,7,0.18,1031.4
2026-06-08 12:00,12,Monday,Airport Transit Hub,692.4,5,0.18,722.9
2026-06-08 12:00,12,Monday,Suburban Plaza,663.9,5,0.18,620.1
2026-06-08 13:00,13,Monday,Downtown Metro Hub,1112.5,9,0.18,1072.0
2026-06-08 13:00,13,Monday,Tech Corridor Supercharger,896.0,7,0.18,897.7
2026-06-08 13:00,13,Monday,Airport Transit Hub,640.6,5,0.18,638.0
2026-06-08 13:00,13,Monday,Suburban Plaza,688.7,5,0.18,619.8
2026-06-08 14:00,14,Monday,Downtown Metro Hub,968.2,8,0.18,959.4
2026-06-08 14:00,14,Monday,Tech Corridor Supercharger,750.0,6,0.18,770.5
2026-06-08 14:00,14,Monday,Airport Transit Hub,640.1,5,0.18,665.0
2026-06-08 14:00,14,Monday,Suburban Plaza,591.6,4,0.18,584.7
2026-06-08 15:00,15,Monday,Downtown Metro Hub,851.1,7,0.18,844.3
2026-06-08 15:00,15,Monday,Tech Corridor Supercharger,624.7,5,0.18,642.8
2026-06-08 15:00,15,Monday,Airport Transit Hub,424.3,3,0.18,466.7
2026-06-08 15:00,15,Monday,Suburban Plaza,376.2,3,0.18,379.1
2026-06-08 16:00,16,Monday,Downtown Metro Hub,606.1,5,0.42,632.6
2026-06-08 16:00,16,Monday,Tech Corridor Supercharger,437.7,3,0.42,426.8
2026-06-08 16:00,16,Monday,Airport Transit Hub,335.9,2,0.42,326.2
2026-06-08 16:00,16,Monday,Suburban Plaza,303.5,2,0.42,295.5
2026-06-08 17:00,17,Monday,Downtown Metro Hub,396.7,3,0.42,395.5
2026-06-08 17:00,17,Monday,Tech Corridor Supercharger,300.2,2,0.42,287.7
2026-06-08 17:00,17,Monday,Airport Transit Hub,228.6,1,0.42,229.4
2026-06-08 17:00,17,Monday,Suburban Plaza,271.2,2,0.42,272.2
2026-06-08 18:00,18,Monday,Downtown Metro Hub,387.2,3,0.42,374.2
2026-06-08 18:00,18,Monday,Tech Corridor Supercharger,256.3,2,0.42,242.2
2026-06-08 18:00,18,Monday,Airport Transit Hub,223.4,1,0.42,232.1
2026-06-08 18:00,18,Monday,Suburban Plaza,200.6,1,0.42,192.1
2026-06-08 19:00,19,Monday,Downtown Metro Hub,424.8,3,0.42,439.3
2026-06-08 19:00,19,Monday,Tech Corridor Supercharger,251.9,2,0.42,265.9
2026-06-08 19:00,19,Monday,Airport Transit Hub,219.8,1,0.42,218.0
2026-06-08 19:00,19,Monday,Suburban Plaza,252.9,2,0.42,249.6
2026-06-08 20:00,20,Monday,Downtown Metro Hub,560.1,4,0.42,560.6
2026-06-08 20:00,20,Monday,Tech Corridor Supercharger,480.3,4,0.42,479.0
2026-06-08 20:00,20,Monday,Airport Transit Hub,381.1,3,0.42,397.3
2026-06-08 20:00,20,Monday,Suburban Plaza,347.6,2,0.42,362.0
2026-06-08 21:00,21,Monday,Downtown Metro Hub,797.2,6,0.42,816.3
2026-06-08 21:00,21,Monday,Tech Corridor Supercharger,612.8,5,0.42,555.4
2026-06-08 21:00,21,Monday,Airport Transit Hub,411.9,3,0.42,433.8
2026-06-08 21:00,21,Monday,Suburban Plaza,438.4,3,0.42,418.2
2026-06-08 22:00,22,Monday,Downtown Metro Hub,1005.2,8,0.18,988.5
2026-06-08 22:00,22,Monday,Tech Corridor Supercharger,743.7,6,0.18,739.8
2026-06-08 22:00,22,Monday,Airport Transit Hub,586.0,4,0.18,596.7
2026-06-08 22:00,22,Monday,Suburban Plaza,545.2,4,0.18,591.3
2026-06-08 23:00,23,Monday,Downtown Metro Hub,1128.0,9,0.18,1149.5
2026-06-08 23:00,23,Monday,Tech Corridor Supercharger,868.9,7,0.18,887.3
2026-06-08 23:00,23,Monday,Airport Transit Hub,576.6,4,0.18,559.4
2026-06-08 23:00,23,Monday,Suburban Plaza,632.5,5,0.18,636.1
2026-06-09 00:00,0,Tuesday,Downtown Metro Hub,1217.2,10,0.18,1229.2
2026-06-09 00:00,0,Tuesday,Tech Corridor Supercharger,905.8,7,0.18,840.2
2026-06-09 00:00,0,Tuesday,Airport Transit Hub,635.3,5,0.18,662.1
2026-06-09 00:00,0,Tuesday,Suburban Plaza,666.7,5,0.18,669.1
2026-06-09 01:00,1,Tuesday,Downtown Metro Hub,1137.2,9,0.18,1113.7
2026-06-09 01:00,1,Tuesday,Tech Corridor Supercharger,884.9,7,0.18,949.9
2026-06-09 01:00,1,Tuesday,Airport Transit Hub,642.7,5,0.18,637.4
2026-06-09 01:00,1,Tuesday,Suburban Plaza,584.2,4,0.18,591.7
2026-06-09 02:00,2,Tuesday,Downtown Metro Hub,967.7,8,0.18,933.6
2026-06-09 02:00,2,Tuesday,Tech Corridor Supercharger,774.7,6,0.18,729.8
2026-06-09 02:00,2,Tuesday,Airport Transit Hub,547.4,4,0.18,537.0
2026-06-09 02:00,2,Tuesday,Suburban Plaza,572.9,4,0.18,537.1
2026-06-09 03:00,3,Tuesday,Downtown Metro Hub,750.4,6,0.18,797.0
2026-06-09 03:00,3,Tuesday,Tech Corridor Supercharger,645.1,5,0.18,636.2
2026-06-09 03:00,3,Tuesday,Airport Transit Hub,424.2,3,0.18,399.3
2026-06-09 03:00,3,Tuesday,Suburban Plaza,366.6,3,0.18,355.2
2026-06-09 04:00,4,Tuesday,Downtown Metro Hub,659.9,5,0.18,637.9
2026-06-09 04:00,4,Tuesday,Tech Corridor Supercharger,393.9,3,0.18,381.7
2026-06-09 04:00,4,Tuesday,Airport Transit Hub,315.4,2,0.18,302.6
2026-06-09 04:00,4,Tuesday,Suburban Plaza,346.4,2,0.18,347.1
2026-06-09 05:00,5,Tuesday,Downtown Metro Hub,463.0,3,0.18,457.2
2026-06-09 05:00,5,Tuesday,Tech Corridor Supercharger,251.9,2,0.18,253.8
2026-06-09 05:00,5,Tuesday,Airport Transit Hub,199.6,1,0.18,195.9
2026-06-09 05:00,5,Tuesday,Suburban Plaza,300.3,2,0.18,318.4
2026-06-09 06:00,6,Tuesday,Downtown Metro Hub,386.6,3,0.18,395.0
2026-06-09 06:00,6,Tuesday,Tech Corridor Supercharger,291.3,2,0.18,277.2
2026-06-09 06:00,6,Tuesday,Airport Transit Hub,183.8,1,0.18,176.2
2026-06-09 06:00,6,Tuesday,Suburban Plaza,184.2,1,0.18,180.2
2026-06-09 07:00,7,Tuesday,Downtown Metro Hub,404.1,3,0.18,411.5
2026-06-09 07:00,7,Tuesday,Tech Corridor Supercharger,301.3,2,0.18,311.4
2026-06-09 07:00,7,Tuesday,Airport Transit Hub,200.5,1,0.18,206.0
2026-06-09 07:00,7,Tuesday,Suburban Plaza,225.4,1,0.18,224.8
2026-06-09 08:00,8,Tuesday,Downtown Metro Hub,535.7,4,0.18,526.1
2026-06-09 08:00,8,Tuesday,Tech Corridor Supercharger,414.0,3,0.18,412.9
2026-06-09 08:00,8,Tuesday,Airport Transit Hub,313.0,2,0.18,295.6
2026-06-09 08:00,8,Tuesday,Suburban Plaza,358.3,2,0.18,374.0
2026-06-09 09:00,9,Tuesday,Downtown Metro Hub,775.2,6,0.18,770.0
2026-06-09 09:00,9,Tuesday,Tech Corridor Supercharger,661.8,5,0.18,663.1
2026-06-09 09:00,9,Tuesday,Airport Transit Hub,415.0,3,0.18,408.6
2026-06-09 09:00,9,Tuesday,Suburban Plaza,436.7,3,0.18,426.4
2026-06-09 10:00,10,Tuesday,Downtown Metro Hub,935.5,7,0.18,952.4
2026-06-09 10:00,10,Tuesday,Tech Corridor Supercharger,796.5,6,0.18,826.3
2026-06-09 10:00,10,Tuesday,Airport Transit Hub,568.0,4,0.18,568.4
2026-06-09 10:00,10,Tuesday,Suburban Plaza,528.2,4,0.18,517.1
2026-06-09 11:00,11,Tuesday,Downtown Metro Hub,1147.9,9,0.18,1139.7
2026-06-09 11:00,11,Tuesday,Tech Corridor Supercharger,914.8,7,0.18,911.9
2026-06-09 11:00,11,Tuesday,Airport Transit Hub,621.8,5,0.18,609.1
2026-06-09 11:00,11,Tuesday,Suburban Plaza,601.3,5,0.18,595.1
2026-06-09 12:00,12,Tuesday,Downtown Metro Hub,1210.0,10,0.18,1236.9
2026-06-09 12:00,12,Tuesday,Tech Corridor Supercharger,925.3,7,0.18,962.2
2026-06-09 12:00,12,Tuesday,Airport Transit Hub,657.8,5,0.18,686.6
2026-06-09 12:00,12,Tuesday,Suburban Plaza,706.1,5,0.18,715.9
2026-06-09 13:00,13,Tuesday,Downtown Metro Hub,1183.9,9,0.18,1190.6
2026-06-09 13:00,13,Tuesday,Tech Corridor Supercharger,885.1,7,0.18,930.1
2026-06-09 13:00,13,Tuesday,Airport Transit Hub,687.9,5,0.18,692.6
2026-06-09 13:00,13,Tuesday,Suburban Plaza,644.2,5,0.18,635.5
2026-06-09 14:00,14,Tuesday,Downtown Metro Hub,1039.5,8,0.18,1014.8
2026-06-09 14:00,14,Tuesday,Tech Corridor Supercharger,809.8,6,0.18,810.9
2026-06-09 14:00,14,Tuesday,Airport Transit Hub,608.5,5,0.18,613.7
2026-06-09 14:00,14,Tuesday,Suburban Plaza,521.8,4,0.18,497.7
2026-06-09 15:00,15,Tuesday,Downtown Metro Hub,769.0,6,0.18,787.8
2026-06-09 15:00,15,Tuesday,Tech Corridor Supercharger,628.5,5,0.18,631.8
2026-06-09 15:00,15,Tuesday,Airport Transit Hub,416.0,3,0.18,430.8
2026-06-09 15:00,15,Tuesday,Suburban Plaza,523.7,4,0.18,519.6
2026-06-09 16:00,16,Tuesday,Downtown Metro Hub,607.1,5,0.42,636.6
2026-06-09 16:00,16,Tuesday,Tech Corridor Supercharger,436.6,3,0.42,425.4
2026-06-09 16:00,16,Tuesday,Airport Transit Hub,309.2,2,0.42,304.7
2026-06-09 16:00,16,Tuesday,Suburban Plaza,317.8,2,0.42,319.3
2026-06-09 17:00,17,Tuesday,Downtown Metro Hub,415.7,3,0.42,417.9
2026-06-09 17:00,17,Tuesday,Tech Corridor Supercharger,346.6,2,0.42,353.8
2026-06-09 17:00,17,Tuesday,Airport Transit Hub,307.2,2,0.42,302.2
2026-06-09 17:00,17,Tuesday,Suburban Plaza,260.1,2,0.42,262.5
2026-06-09 18:00,18,Tuesday,Downtown Metro Hub,416.2,3,0.42,414.7
2026-06-09 18:00,18,Tuesday,Tech Corridor Supercharger,352.3,2,0.42,357.3
2026-06-09 18:00,18,Tuesday,Airport Transit Hub,218.1,1,0.42,226.1
2026-06-09 18:00,18,Tuesday,Suburban Plaza,201.7,1,0.42,198.6
2026-06-09 19:00,19,Tuesday,Downtown Metro Hub,375.0,3,0.42,397.4
2026-06-09 19:00,19,Tuesday,Tech Corridor Supercharger,321.0,2,0.42,328.1
2026-06-09 19:00,19,Tuesday,Airport Transit Hub,218.3,1,0.42,223.7
2026-06-09 19:00,19,Tuesday,Suburban Plaza,218.7,1,0.42,204.8
2026-06-09 20:00,20,Tuesday,Downtown Metro Hub,556.6,4,0.42,545.0
2026-06-09 20:00,20,Tuesday,Tech Corridor Supercharger,428.9,3,0.42,443.9
2026-06-09 20:00,20,Tuesday,Airport Transit Hub,303.1,2,0.42,324.4
2026-06-09 20:00,20,Tuesday,Suburban Plaza,328.8,2,0.42,336.9
2026-06-09 21:00,21,Tuesday,Downtown Metro Hub,796.2,6,0.42,808.2
2026-06-09 21:00,21,Tuesday,Tech Corridor Supercharger,642.8,5,0.42,615.8
2026-06-09 21:00,21,Tuesday,Airport Transit Hub,463.6,3,0.42,473.5
2026-06-09 21:00,21,Tuesday,Suburban Plaza,515.2,4,0.42,487.0
2026-06-09 22:00,22,Tuesday,Downtown Metro Hub,1002.6,8,0.18,1050.3
2026-06-09 22:00,22,Tuesday,Tech Corridor Supercharger,808.0,6,0.18,830.6
2026-06-09 22:00,22,Tuesday,Airport Transit Hub,542.4,4,0.18,552.3
2026-06-09 22:00,22,Tuesday,Suburban Plaza,523.4,4,0.18,555.5
2026-06-09 23:00,23,Tuesday,Downtown Metro Hub,1125.5,9,0.18,1162.8
2026-06-09 23:00,23,Tuesday,Tech Corridor Supercharger,932.0,7,0.18,907.3
2026-06-09 23:00,23,Tuesday,Airport Transit Hub,658.4,5,0.18,681.7
2026-06-09 23:00,23,Tuesday,Suburban Plaza,652.2,5,0.18,700.7
2026-06-10 00:00,0,Wednesday,Downtown Metro Hub,1242.7,10,0.18,1246.5
2026-06-10 00:00,0,Wednesday,Tech Corridor Supercharger,940.3,7,0.18,946.6
2026-06-10 00:00,0,Wednesday,Airport Transit Hub,689.0,5,0.18,705.2
2026-06-10 00:00,0,Wednesday,Suburban Plaza,712.7,5,0.18,706.3
2026-06-10 01:00,1,Wednesday,Downtown Metro Hub,1131.3,9,0.18,1086.8
2026-06-10 01:00,1,Wednesday,Tech Corridor Supercharger,786.8,6,0.18,709.9
2026-06-10 01:00,1,Wednesday,Airport Transit Hub,661.1,5,0.18,628.0
2026-06-10 01:00,1,Wednesday,Suburban Plaza,610.0,5,0.18,620.2
2026-06-10 02:00,2,Wednesday,Downtown Metro Hub,987.3,8,0.18,978.8
2026-06-10 02:00,2,Wednesday,Tech Corridor Supercharger,776.3,6,0.18,763.8
2026-06-10 02:00,2,Wednesday,Airport Transit Hub,609.5,5,0.18,601.5
2026-06-10 02:00,2,Wednesday,Suburban Plaza,617.5,5,0.18,607.2
2026-06-10 03:00,3,Wednesday,Downtown Metro Hub,784.1,6,0.18,753.8
2026-06-10 03:00,3,Wednesday,Tech Corridor Supercharger,625.2,5,0.18,616.7
2026-06-10 03:00,3,Wednesday,Airport Transit Hub,451.4,3,0.18,454.3
2026-06-10 03:00,3,Wednesday,Suburban Plaza,497.3,4,0.18,505.7
2026-06-10 04:00,4,Wednesday,Downtown Metro Hub,571.1,4,0.18,517.6
2026-06-10 04:00,4,Wednesday,Tech Corridor Supercharger,445.4,3,0.18,427.9
2026-06-10 04:00,4,Wednesday,Airport Transit Hub,328.2,2,0.18,329.7
2026-06-10 04:00,4,Wednesday,Suburban Plaza,351.1,2,0.18,338.0
2026-06-10 05:00,5,Wednesday,Downtown Metro Hub,415.4,3,0.18,412.1
2026-06-10 05:00,5,Wednesday,Tech Corridor Supercharger,297.3,2,0.18,284.7
2026-06-10 05:00,5,Wednesday,Airport Transit Hub,220.8,1,0.18,207.7
2026-06-10 05:00,5,Wednesday,Suburban Plaza,294.4,2,0.18,291.8
2026-06-10 06:00,6,Wednesday,Downtown Metro Hub,425.4,3,0.18,411.0
2026-06-10 06:00,6,Wednesday,Tech Corridor Supercharger,225.8,1,0.18,243.0
2026-06-10 06:00,6,Wednesday,Airport Transit Hub,177.5,1,0.18,186.2
2026-06-10 06:00,6,Wednesday,Suburban Plaza,196.8,1,0.18,188.6
2026-06-10 07:00,7,Wednesday,Downtown Metro Hub,397.3,3,0.18,386.8
2026-06-10 07:00,7,Wednesday,Tech Corridor Supercharger,302.4,2,0.18,318.9
2026-06-10 07:00,7,Wednesday,Airport Transit Hub,228.5,1,0.18,240.2
2026-06-10 07:00,7,Wednesday,Suburban Plaza,242.3,2,0.18,245.1
2026-06-10 08:00,8,Wednesday,Downtown Metro Hub,594.4,4,0.18,589.8
2026-06-10 08:00,8,Wednesday,Tech Corridor Supercharger,384.6,3,0.18,412.6
2026-06-10 08:00,8,Wednesday,Airport Transit Hub,301.9,2,0.18,306.9
2026-06-10 08:00,8,Wednesday,Suburban Plaza,280.9,2,0.18,283.6
2026-06-10 09:00,9,Wednesday,Downtown Metro Hub,804.8,6,0.18,861.2
2026-06-10 09:00,9,Wednesday,Tech Corridor Supercharger,665.5,5,0.18,658.1
2026-06-10 09:00,9,Wednesday,Airport Transit Hub,490.3,4,0.18,489.2
2026-06-10 09:00,9,Wednesday,Suburban Plaza,430.0,3,0.18,422.1
2026-06-10 10:00,10,Wednesday,Downtown Metro Hub,966.3,8,0.18,932.9
2026-06-10 10:00,10,Wednesday,Tech Corridor Supercharger,815.3,6,0.18,847.1
2026-06-10 10:00,10,Wednesday,Airport Transit Hub,595.6,4,0.18,613.9
2026-06-10 10:00,10,Wednesday,Suburban Plaza,577.9,4,0.18,609.6
2026-06-10 11:00,11,Wednesday,Downtown Metro Hub,1157.2,9,0.18,1169.7
2026-06-10 11:00,11,Wednesday,Tech Corridor Supercharger,921.1,7,0.18,918.8
2026-06-10 11:00,11,Wednesday,Airport Transit Hub,676.4,5,0.18,679.1
2026-06-10 11:00,11,Wednesday,Suburban Plaza,643.4,5,0.18,669.8
2026-06-10 12:00,12,Wednesday,Downtown Metro Hub,1214.9,10,0.18,1183.9
2026-06-10 12:00,12,Wednesday,Tech Corridor Supercharger,938.3,7,0.18,988.9
2026-06-10 12:00,12,Wednesday,Airport Transit Hub,678.0,5,0.18,651.0
2026-06-10 12:00,12,Wednesday,Suburban Plaza,705.9,5,0.18,719.6
2026-06-10 13:00,13,Wednesday,Downtown Metro Hub,1174.9,9,0.18,1164.8
2026-06-10 13:00,13,Wednesday,Tech Corridor Supercharger,876.5,7,0.18,852.4
2026-06-10 13:00,13,Wednesday,Airport Transit Hub,715.0,5,0.18,747.7
2026-06-10 13:00,13,Wednesday,Suburban Plaza,632.4,5,0.18,632.3
2026-06-10 14:00,14,Wednesday,Downtown Metro Hub,1019.2,8,0.18,994.1
2026-06-10 14:00,14,Wednesday,Tech Corridor Supercharger,810.0,6,0.18,785.7
2026-06-10 14:00,14,Wednesday,Airport Transit Hub,512.6,4,0.18,532.9
2026-06-10 14:00,14,Wednesday,Suburban Plaza,558.9,4,0.18,576.1
2026-06-10 15:00,15,Wednesday,Downtown Metro Hub,765.3,6,0.18,801.1
2026-06-10 15:00,15,Wednesday,Tech Corridor Supercharger,607.3,5,0.18,598.4
2026-06-10 15:00,15,Wednesday,Airport Transit Hub,447.0,3,0.18,454.3
2026-06-10 15:00,15,Wednesday,Suburban Plaza,441.3,3,0.18,434.5
2026-06-10 16:00,16,Wednesday,Downtown Metro Hub,560.4,4,0.42,539.8
2026-06-10 16:00,16,Wednesday,Tech Corridor Supercharger,433.2,3,0.42,450.8
2026-06-10 16:00,16,Wednesday,Airport Transit Hub,324.6,2,0.42,331.8
2026-06-10 16:00,16,Wednesday,Suburban Plaza,310.9,2,0.42,292.5
2026-06-10 17:00,17,Wednesday,Downtown Metro Hub,416.3,3,0.42,411.3
2026-06-10 17:00,17,Wednesday,Tech Corridor Supercharger,364.4,3,0.42,367.2
2026-06-10 17:00,17,Wednesday,Airport Transit Hub,181.7,1,0.42,180.4
2026-06-10 17:00,17,Wednesday,Suburban Plaza,205.5,1,0.42,195.7
2026-06-10 18:00,18,Wednesday,Downtown Metro Hub,340.1,2,0.42,343.8
2026-06-10 18:00,18,Wednesday,Tech Corridor Supercharger,203.8,1,0.42,216.7
2026-06-10 18:00,18,Wednesday,Airport Transit Hub,250.9,2,0.42,240.4
2026-06-10 18:00,18,Wednesday,Suburban Plaza,209.5,1,0.42,203.8
2026-06-10 19:00,19,Wednesday,Downtown Metro Hub,435.5,3,0.42,429.7
2026-06-10 19:00,19,Wednesday,Tech Corridor Supercharger,331.1,2,0.42,339.5
2026-06-10 19:00,19,Wednesday,Airport Transit Hub,246.9,2,0.42,243.4
2026-06-10 19:00,19,Wednesday,Suburban Plaza,204.5,1,0.42,198.5
2026-06-10 20:00,20,Wednesday,Downtown Metro Hub,574.9,4,0.42,599.7
2026-06-10 20:00,20,Wednesday,Tech Corridor Supercharger,409.4,3,0.42,435.9
2026-06-10 20:00,20,Wednesday,Airport Transit Hub,305.9,2,0.42,285.3
2026-06-10 20:00,20,Wednesday,Suburban Plaza,253.1,2,0.42,253.4
2026-06-10 21:00,21,Wednesday,Downtown Metro Hub,827.9,6,0.42,827.1
2026-06-10 21:00,21,Wednesday,Tech Corridor Supercharger,622.3,5,0.42,617.3
2026-06-10 21:00,21,Wednesday,Airport Transit Hub,448.1,3,0.42,464.4
2026-06-10 21:00,21,Wednesday,Suburban Plaza,437.0,3,0.42,413.5
2026-06-10 22:00,22,Wednesday,Downtown Metro Hub,984.9,8,0.18,1033.2
2026-06-10 22:00,22,Wednesday,Tech Corridor Supercharger,798.7,6,0.18,822.3
2026-06-10 22:00,22,Wednesday,Airport Transit Hub,531.5,4,0.18,529.7
2026-06-10 22:00,22,Wednesday,Suburban Plaza,573.6,4,0.18,564.0
2026-06-10 23:00,23,Wednesday,Downtown Metro Hub,1147.4,9,0.18,1148.6
2026-06-10 23:00,23,Wednesday,Tech Corridor Supercharger,890.3,7,0.18,824.4
2026-06-10 23:00,23,Wednesday,Airport Transit Hub,653.5,5,0.18,614.3
2026-06-10 23:00,23,Wednesday,Suburban Plaza,700.3,5,0.18,673.9
2026-06-11 00:00,0,Thursday,Downtown Metro Hub,1153.8,9,0.18,1063.7
2026-06-11 00:00,0,Thursday,Tech Corridor Supercharger,962.9,8,0.18,1026.0
2026-06-11 00:00,0,Thursday,Airport Transit Hub,671.6,5,0.18,623.7
2026-06-11 00:00,0,Thursday,Suburban Plaza,715.5,5,0.18,716.2
2026-06-11 01:00,1,Thursday,Downtown Metro Hub,1122.9,9,0.18,1128.1
2026-06-11 01:00,1,Thursday,Tech Corridor Supercharger,881.5,7,0.18,874.7
2026-06-11 01:00,1,Thursday,Airport Transit Hub,633.0,5,0.18,631.9
2026-06-11 01:00,1,Thursday,Suburban Plaza,713.3,5,0.18,696.2
2026-06-11 02:00,2,Thursday,Downtown Metro Hub,1030.3,8,0.18,984.9
2026-06-11 02:00,2,Thursday,Tech Corridor Supercharger,721.4,6,0.18,732.9
2026-06-11 02:00,2,Thursday,Airport Transit Hub,534.7,4,0.18,513.9
2026-06-11 02:00,2,Thursday,Suburban Plaza,549.3,4,0.18,539.9
2026-06-11 03:00,3,Thursday,Downtown Metro Hub,715.8,5,0.18,712.5
2026-06-11 03:00,3,Thursday,Tech Corridor Supercharger,601.9,5,0.18,588.7
2026-06-11 03:00,3,Thursday,Airport Transit Hub,435.7,3,0.18,424.7
2026-06-11 03:00,3,Thursday,Suburban Plaza,446.7,3,0.18,457.6
2026-06-11 04:00,4,Thursday,Downtown Metro Hub,575.1,4,0.18,576.1
2026-06-11 04:00,4,Thursday,Tech Corridor Supercharger,414.4,3,0.18,423.5
2026-06-11 04:00,4,Thursday,Airport Transit Hub,317.4,2,0.18,310.9
2026-06-11 04:00,4,Thursday,Suburban Plaza,408.5,3,0.18,384.5
2026-06-11 05:00,5,Thursday,Downtown Metro Hub,338.9,2,0.18,332.4
2026-06-11 05:00,5,Thursday,Tech Corridor Supercharger,336.6,2,0.18,331.0
2026-06-11 05:00,5,Thursday,Airport Transit Hub,197.8,1,0.18,204.1
2026-06-11 05:00,5,Thursday,Suburban Plaza,184.4,1,0.18,183.1
2026-06-11 06:00,6,Thursday,Downtown Metro Hub,341.2,2,0.18,351.3
2026-06-11 06:00,6,Thursday,Tech Corridor Supercharger,243.4,2,0.18,242.5
2026-06-11 06:00,6,Thursday,Airport Transit Hub,175.0,1,0.18,169.4
2026-06-11 06:00,6,Thursday,Suburban Plaza,171.8,1,0.18,176.6
2026-06-11 07:00,7,Thursday,Downtown Metro Hub,447.6,3,0.18,450.4
2026-06-11 07:00,7,Thursday,Tech Corridor Supercharger,316.4,2,0.18,317.5
2026-06-11 07:00,7,Thursday,Airport Transit Hub,260.4,2,0.18,239.9
2026-06-11 07:00,7,Thursday,Suburban Plaza,227.5,1,0.18,219.3
2026-06-11 08:00,8,Thursday,Downtown Metro Hub,529.6,4,0.18,516.1
2026-06-11 08:00,8,Thursday,Tech Corridor Supercharger,411.2,3,0.18,414.5
2026-06-11 08:00,8,Thursday,Airport Transit Hub,337.1,2,0.18,323.7
2026-06-11 08:00,8,Thursday,Suburban Plaza,296.0,2,0.18,295.9
2026-06-11 09:00,9,Thursday,Downtown Metro Hub,762.3,6,0.18,739.3
2026-06-11 09:00,9,Thursday,Tech Corridor Supercharger,614.6,5,0.18,603.8
2026-06-11 09:00,9,Thursday,Airport Transit Hub,440.4,3,0.18,438.2
2026-06-11 09:00,9,Thursday,Suburban Plaza,427.0,3,0.18,428.4
2026-06-11 10:00,10,Thursday,Downtown Metro Hub,989.4,8,0.18,1011.0
2026-06-11 10:00,10,Thursday,Tech Corridor Supercharger,676.3,5,0.18,693.2
2026-06-11 10:00,10,Thursday,Airport Transit Hub,509.6,4,0.18,471.7
2026-06-11 10:00,10,Thursday,Suburban Plaza,608.5,5,0.18,616.8
2026-06-11 11:00,11,Thursday,Downtown Metro Hub,1079.0,8,0.18,1155.5
2026-06-11 11:00,11,Thursday,Tech Corridor Supercharger,924.9,7,0.18,895.8
2026-06-11 11:00,11,Thursday,Airport Transit Hub,668.0,5,0.18,675.7
2026-06-11 11:00,11,Thursday,Suburban Plaza,634.3,5,0.18,642.0
2026-06-11 12:00,12,Thursday,Downtown Metro Hub,1163.6,9,0.18,1186.2
2026-06-11 12:00,12,Thursday,Tech Corridor Supercharger,929.9,7,0.18,887.7
2026-06-11 12:00,12,Thursday,Airport Transit Hub,703.5,5,0.18,720.2
2026-06-11 12:00,12,Thursday,Suburban Plaza,683.5,5,0.18,708.0
2026-06-11 13:00,13,Thursday,Downtown Metro Hub,1126.2,9,0.18,1178.8
2026-06-11 13:00,13,Thursday,Tech Corridor Supercharger,878.6,7,0.18,862.0
2026-06-11 13:00,13,Thursday,Airport Transit Hub,621.5,5,0.18,586.4
2026-06-11 13:00,13,Thursday,Suburban Plaza,625.7,5,0.18,628.1
2026-06-11 14:00,14,Thursday,Downtown Metro Hub,933.0,7,0.18,927.4
2026-06-11 14:00,14,Thursday,Tech Corridor Supercharger,763.2,6,0.18,765.5
2026-06-11 14:00,14,Thursday,Airport Transit Hub,548.3,4,0.18,560.9
2026-06-11 14:00,14,Thursday,Suburban Plaza,536.0,4,0.18,500.2
2026-06-11 15:00,15,Thursday,Downtown Metro Hub,789.1,6,0.18,782.5
2026-06-11 15:00,15,Thursday,Tech Corridor Supercharger,618.1,5,0.18,615.5
2026-06-11 15:00,15,Thursday,Airport Transit Hub,495.1,4,0.18,510.4
2026-06-11 15:00,15,Thursday,Suburban Plaza,509.5,4,0.18,497.4
2026-06-11 16:00,16,Thursday,Downtown Metro Hub,628.3,5,0.42,611.4
2026-06-11 16:00,16,Thursday,Tech Corridor Supercharger,492.5,4,0.42,491.7
2026-06-11 16:00,16,Thursday,Airport Transit Hub,341.1,2,0.42,359.8
2026-06-11 16:00,16,Thursday,Suburban Plaza,342.1,2,0.42,339.1
2026-06-11 17:00,17,Thursday,Downtown Metro Hub,362.8,3,0.42,330.5
2026-06-11 17:00,17,Thursday,Tech Corridor Supercharger,312.3,2,0.42,322.9
2026-06-11 17:00,17,Thursday,Airport Transit Hub,182.8,1,0.42,183.6
2026-06-11 17:00,17,Thursday,Suburban Plaza,289.1,2,0.42,296.6
2026-06-11 18:00,18,Thursday,Downtown Metro Hub,331.0,2,0.42,327.8
2026-06-11 18:00,18,Thursday,Tech Corridor Supercharger,329.8,2,0.42,322.8
2026-06-11 18:00,18,Thursday,Airport Transit Hub,257.9,2,0.42,255.2
2026-06-11 18:00,18,Thursday,Suburban Plaza,214.8,1,0.42,230.3
2026-06-11 19:00,19,Thursday,Downtown Metro Hub,359.9,2,0.42,366.7
2026-06-11 19:00,19,Thursday,Tech Corridor Supercharger,381.1,3,0.42,382.7
2026-06-11 19:00,19,Thursday,Airport Transit Hub,227.9,1,0.42,220.1
2026-06-11 19:00,19,Thursday,Suburban Plaza,189.6,1,0.42,188.4
2026-06-11 20:00,20,Thursday,Downtown Metro Hub,553.0,4,0.42,554.0
2026-06-11 20:00,20,Thursday,Tech Corridor Supercharger,395.3,3,0.42,406.4
2026-06-11 20:00,20,Thursday,Airport Transit Hub,332.3,2,0.42,334.2
2026-06-11 20:00,20,Thursday,Suburban Plaza,329.9,2,0.42,323.3
2026-06-11 21:00,21,Thursday,Downtown Metro Hub,797.2,6,0.42,840.4
2026-06-11 21:00,21,Thursday,Tech Corridor Supercharger,602.3,5,0.42,605.3
2026-06-11 21:00,21,Thursday,Airport Transit Hub,461.6,3,0.42,461.3
2026-06-11 21:00,21,Thursday,Suburban Plaza,488.1,4,0.42,463.9
2026-06-11 22:00,22,Thursday,Downtown Metro Hub,950.6,7,0.18,924.8
2026-06-11 22:00,22,Thursday,Tech Corridor Supercharger,807.8,6,0.18,803.9
2026-06-11 22:00,22,Thursday,Airport Transit Hub,547.0,4,0.18,521.8
2026-06-11 22:00,22,Thursday,Suburban Plaza,526.5,4,0.18,544.7
2026-06-11 23:00,23,Thursday,Downtown Metro Hub,1110.9,9,0.18,1139.7
2026-06-11 23:00,23,Thursday,Tech Corridor Supercharger,929.0,7,0.18,941.3
2026-06-11 23:00,23,Thursday,Airport Transit Hub,631.6,5,0.18,648.4
2026-06-11 23:00,23,Thursday,Suburban Plaza,703.9,5,0.18,684.5
2026-06-12 00:00,0,Friday,Downtown Metro Hub,1164.8,9,0.18,1165.0
2026-06-12 00:00,0,Friday,Tech Corridor Supercharger,924.2,7,0.18,963.3
2026-06-12 00:00,0,Friday,Airport Transit Hub,648.9,5,0.18,676.6
2026-06-12 00:00,0,Friday,Suburban Plaza,630.5,5,0.18,641.2
2026-06-12 01:00,1,Friday,Downtown Metro Hub,1130.8,9,0.18,1135.6
2026-06-12 01:00,1,Friday,Tech Corridor Supercharger,869.5,7,0.18,817.8
2026-06-12 01:00,1,Friday,Airport Transit Hub,630.1,5,0.18,649.5
2026-06-12 01:00,1,Friday,Suburban Plaza,662.5,5,0.18,643.9
2026-06-12 02:00,2,Friday,Downtown Metro Hub,1023.2,8,0.18,1065.6
2026-06-12 02:00,2,Friday,Tech Corridor Supercharger,763.6,6,0.18,819.2
2026-06-12 02:00,2,Friday,Airport Transit Hub,524.7,4,0.18,517.7
2026-06-12 02:00,2,Friday,Suburban Plaza,533.9,4,0.18,541.0
2026-06-12 03:00,3,Friday,Downtown Metro Hub,756.7,6,0.18,778.1
2026-06-12 03:00,3,Friday,Tech Corridor Supercharger,594.0,4,0.18,598.5
2026-06-12 03:00,3,Friday,Airport Transit Hub,413.7,3,0.18,454.7
2026-06-12 03:00,3,Friday,Suburban Plaza,457.6,3,0.18,437.8
2026-06-12 04:00,4,Friday,Downtown Metro Hub,540.4,4,0.18,528.6
2026-06-12 04:00,4,Friday,Tech Corridor Supercharger,460.7,3,0.18,474.0
2026-06-12 04:00,4,Friday,Airport Transit Hub,300.8,2,0.18,303.9
2026-06-12 04:00,4,Friday,Suburban Plaza,269.2,2,0.18,274.4
2026-06-12 05:00,5,Friday,Downtown Metro Hub,366.0,3,0.18,361.5
2026-06-12 05:00,5,Friday,Tech Corridor Supercharger,281.7,2,0.18,289.6
2026-06-12 05:00,5,Friday,Airport Transit Hub,174.8,1,0.18,162.5
2026-06-12 05:00,5,Friday,Suburban Plaza,240.7,2,0.18,242.9
2026-06-12 06:00,6,Friday,Downtown Metro Hub,297.7,2,0.18,294.6
2026-06-12 06:00,6,Friday,Tech Corridor Supercharger,342.8,2,0.18,344.6
2026-06-12 06:00,6,Friday,Airport Transit Hub,184.9,1,0.18,174.2
2026-06-12 06:00,6,Friday,Suburban Plaza,209.9,1,0.18,214.5
2026-06-12 07:00,7,Friday,Downtown Metro Hub,384.2,3,0.18,398.2
2026-06-12 07:00,7,Friday,Tech Corridor Supercharger,309.5,2,0.18,319.4
2026-06-12 07:00,7,Friday,Airport Transit Hub,225.3,1,0.18,225.6
2026-06-12 07:00,7,Friday,Suburban Plaza,219.3,1,0.18,239.6
2026-06-12 08:00,8,Friday,Downtown Metro Hub,556.0,4,0.18,559.3
2026-06-12 08:00,8,Friday,Tech Corridor Supercharger,415.2,3,0.18,407.4
2026-06-12 08:00,8,Friday,Airport Transit Hub,261.2,2,0.18,241.9
2026-06-12 08:00,8,Friday,Suburban Plaza,281.8,2,0.18,292.3
2026-06-12 09:00,9,Friday,Downtown Metro Hub,782.8,6,0.18,785.7
2026-06-12 09:00,9,Friday,Tech Corridor Supercharger,590.8,4,0.18,580.2
2026-06-12 09:00,9,Friday,Airport Transit Hub,450.1,3,0.18,450.5
2026-06-12 09:00,9,Friday,Suburban Plaza,400.2,3,0.18,400.4
2026-06-12 10:00,10,Friday,Downtown Metro Hub,1010.4,8,0.18,974.4
2026-06-12 10:00,10,Friday,Tech Corridor Supercharger,729.3,6,0.18,734.6
2026-06-12 10:00,10,Friday,Airport Transit Hub,546.7,4,0.18,564.4
2026-06-12 10:00,10,Friday,Suburban Plaza,552.2,4,0.18,530.6
2026-06-12 11:00,11,Friday,Downtown Metro Hub,1155.6,9,0.18,1199.0
2026-06-12 11:00,11,Friday,Tech Corridor Supercharger,935.0,7,0.18,953.9
2026-06-12 11:00,11,Friday,Airport Transit Hub,653.5,5,0.18,665.3
2026-06-12 11:00,11,Friday,Suburban Plaza,662.0,5,0.18,680.4
2026-06-12 12:00,12,Friday,Downtown Metro Hub,1207.9,10,0.18,1230.2
2026-06-12 12:00,12,Friday,Tech Corridor Supercharger,931.8,7,0.18,941.6
2026-06-12 12:00,12,Friday,Airport Transit Hub,658.1,5,0.18,649.3
2026-06-12 12:00,12,Friday,Suburban Plaza,651.1,5,0.18,663.7
2026-06-12 13:00,13,Friday,Downtown Metro Hub,1123.9,9,0.18,1083.0
2026-06-12 13:00,13,Friday,Tech Corridor Supercharger,938.7,7,0.18,968.1
2026-06-12 13:00,13,Friday,Airport Transit Hub,634.3,5,0.18,634.5
2026-06-12 13:00,13,Friday,Suburban Plaza,625.9,5,0.18,620.0
2026-06-12 14:00,14,Friday,Downtown Metro Hub,939.5,7,0.18,951.9
2026-06-12 14:00,14,Friday,Tech Corridor Supercharger,785.0,6,0.18,715.3
2026-06-12 14:00,14,Friday,Airport Transit Hub,598.7,4,0.18,592.6
2026-06-12 14:00,14,Friday,Suburban Plaza,643.2,5,0.18,578.9
2026-06-12 15:00,15,Friday,Downtown Metro Hub,737.1,6,0.18,752.9
2026-06-12 15:00,15,Friday,Tech Corridor Supercharger,561.6,4,0.18,554.6
2026-06-12 15:00,15,Friday,Airport Transit Hub,508.4,4,0.18,505.5
2026-06-12 15:00,15,Friday,Suburban Plaza,439.8,3,0.18,436.2
2026-06-12 16:00,16,Friday,Downtown Metro Hub,680.5,5,0.42,672.5
2026-06-12 16:00,16,Friday,Tech Corridor Supercharger,378.6,3,0.42,360.3
2026-06-12 16:00,16,Friday,Airport Transit Hub,342.2,2,0.42,322.1
2026-06-12 16:00,16,Friday,Suburban Plaza,310.7,2,0.42,323.2
2026-06-12 17:00,17,Friday,Downtown Metro Hub,361.0,3,0.42,358.8
2026-06-12 17:00,17,Friday,Tech Corridor Supercharger,330.2,2,0.42,337.4
2026-06-12 17:00,17,Friday,Airport Transit Hub,216.6,1,0.42,223.4
2026-06-12 17:00,17,Friday,Suburban Plaza,249.8,2,0.42,242.0
2026-06-12 18:00,18,Friday,Downtown Metro Hub,332.4,2,0.42,330.5
2026-06-12 18:00,18,Friday,Tech Corridor Supercharger,295.9,2,0.42,307.3
2026-06-12 18:00,18,Friday,Airport Transit Hub,197.2,1,0.42,205.2
2026-06-12 18:00,18,Friday,Suburban Plaza,213.5,1,0.42,209.1
2026-06-12 19:00,19,Friday,Downtown Metro Hub,362.3,3,0.42,341.0
2026-06-12 19:00,19,Friday,Tech Corridor Supercharger,352.0,2,0.42,362.8
2026-06-12 19:00,19,Friday,Airport Transit Hub,190.7,1,0.42,194.0
2026-06-12 19:00,19,Friday,Suburban Plaza,319.1,2,0.42,312.5
2026-06-12 20:00,20,Friday,Downtown Metro Hub,579.6,4,0.42,590.4
2026-06-12 20:00,20,Friday,Tech Corridor Supercharger,457.7,3,0.42,445.0
2026-06-12 20:00,20,Friday,Airport Transit Hub,380.3,3,0.42,358.8
2026-06-12 20:00,20,Friday,Suburban Plaza,298.8,2,0.42,288.9
2026-06-12 21:00,21,Friday,Downtown Metro Hub,792.1,6,0.42,815.0
2026-06-12 21:00,21,Friday,Tech Corridor Supercharger,643.7,5,0.42,674.7
2026-06-12 21:00,21,Friday,Airport Transit Hub,427.7,3,0.42,435.2
2026-06-12 21:00,21,Friday,Suburban Plaza,403.4,3,0.42,403.1
2026-06-12 22:00,22,Friday,Downtown Metro Hub,967.2,8,0.18,904.4
2026-06-12 22:00,22,Friday,Tech Corridor Supercharger,719.5,5,0.18,728.6
2026-06-12 22:00,22,Friday,Airport Transit Hub,542.8,4,0.18,523.6
2026-06-12 22:00,22,Friday,Suburban Plaza,593.6,4,0.18,608.4
2026-06-12 23:00,23,Friday,Downtown Metro Hub,1150.7,9,0.18,1168.4
2026-06-12 23:00,23,Friday,Tech Corridor Supercharger,841.4,7,0.18,831.0
2026-06-12 23:00,23,Friday,Airport Transit Hub,667.4,5,0.18,654.1
2026-06-12 23:00,23,Friday,Suburban Plaza,626.8,5,0.18,632.8
2026-06-13 00:00,0,Saturday,Downtown Metro Hub,1169.0,9,0.18,1181.2
2026-06-13 00:00,0,Saturday,Tech Corridor Supercharger,896.8,7,0.18,936.5
2026-06-13 00:00,0,Saturday,Airport Transit Hub,696.8,5,0.18,720.5
2026-06-13 00:00,0,Saturday,Suburban Plaza,791.7,6,0.18,744.9
2026-06-13 01:00,1,Saturday,Downtown Metro Hub,1160.5,9,0.18,1137.6
2026-06-13 01:00,1,Saturday,Tech Corridor Supercharger,950.3,7,0.18,1005.3
2026-06-13 01:00,1,Saturday,Airport Transit Hub,676.9,5,0.18,673.7
2026-06-13 01:00,1,Saturday,Suburban Plaza,816.3,6,0.18,827.5
2026-06-13 02:00,2,Saturday,Downtown Metro Hub,995.7,8,0.18,1025.6
2026-06-13 02:00,2,Saturday,Tech Corridor Supercharger,705.1,5,0.18,686.7
2026-06-13 02:00,2,Saturday,Airport Transit Hub,530.8,4,0.18,521.9
2026-06-13 02:00,2,Saturday,Suburban Plaza,677.0,5,0.18,717.0
2026-06-13 03:00,3,Saturday,Downtown Metro Hub,788.1,6,0.18,852.5
2026-06-13 03:00,3,Saturday,Tech Corridor Supercharger,611.1,5,0.18,615.6
2026-06-13 03:00,3,Saturday,Airport Transit Hub,508.8,4,0.18,494.7
2026-06-13 03:00,3,Saturday,Suburban Plaza,590.0,4,0.18,580.3
2026-06-13 04:00,4,Saturday,Downtown Metro Hub,525.2,4,0.18,539.4
2026-06-13 04:00,4,Saturday,Tech Corridor Supercharger,499.6,4,0.18,514.2
2026-06-13 04:00,4,Saturday,Airport Transit Hub,340.2,2,0.18,342.7
2026-06-13 04:00,4,Saturday,Suburban Plaza,444.9,3,0.18,428.5
2026-06-13 05:00,5,Saturday,Downtown Metro Hub,355.4,2,0.18,365.6
2026-06-13 05:00,5,Saturday,Tech Corridor Supercharger,312.4,2,0.18,288.2
2026-06-13 05:00,5,Saturday,Airport Transit Hub,178.1,1,0.18,180.6
2026-06-13 05:00,5,Saturday,Suburban Plaza,391.6,3,0.18,367.0
2026-06-13 06:00,6,Saturday,Downtown Metro Hub,306.0,2,0.18,315.5
2026-06-13 06:00,6,Saturday,Tech Corridor Supercharger,303.2,2,0.18,297.8
2026-06-13 06:00,6,Saturday,Airport Transit Hub,198.0,1,0.18,188.9
2026-06-13 06:00,6,Saturday,Suburban Plaza,382.6,3,0.18,416.9
2026-06-13 07:00,7,Saturday,Downtown Metro Hub,404.6,3,0.18,388.8
2026-06-13 07:00,7,Saturday,Tech Corridor Supercharger,363.5,3,0.18,400.6
2026-06-13 07:00,7,Saturday,Airport Transit Hub,214.8,1,0.18,211.5
2026-06-13 07:00,7,Saturday,Suburban Plaza,358.1,2,0.18,358.6
2026-06-13 08:00,8,Saturday,Downtown Metro Hub,565.0,4,0.18,536.8
2026-06-13 08:00,8,Saturday,Tech Corridor Supercharger,450.3,3,0.18,457.1
2026-06-13 08:00,8,Saturday,Airport Transit Hub,378.4,3,0.18,387.6
2026-06-13 08:00,8,Saturday,Suburban Plaza,447.9,3,0.18,497.7
2026-06-13 09:00,9,Saturday,Downtown Metro Hub,755.3,6,0.18,728.0
2026-06-13 09:00,9,Saturday,Tech Corridor Supercharger,577.6,4,0.18,584.3
2026-06-13 09:00,9,Saturday,Airport Transit Hub,448.6,3,0.18,416.3
2026-06-13 09:00,9,Saturday,Suburban Plaza,534.0,4,0.18,513.5
2026-06-13 10:00,10,Saturday,Downtown Metro Hub,970.3,8,0.18,956.5
2026-06-13 10:00,10,Saturday,Tech Corridor Supercharger,754.5,6,0.18,787.2
2026-06-13 10:00,10,Saturday,Airport Transit Hub,562.6,4,0.18,536.4
2026-06-13 10:00,10,Saturday,Suburban Plaza,685.8,5,0.18,693.0
2026-06-13 11:00,11,Saturday,Downtown Metro Hub,1195.3,9,0.18,1228.8
2026-06-13 11:00,11,Saturday,Tech Corridor Supercharger,881.9,7,0.18,859.5
2026-06-13 11:00,11,Saturday,Airport Transit Hub,640.2,5,0.18,659.5
2026-06-13 11:00,11,Saturday,Suburban Plaza,758.5,6,0.18,728.4
2026-06-13 12:00,12,Saturday,Downtown Metro Hub,1250.5,10,0.18,1233.2
2026-06-13 12:00,12,Saturday,Tech Corridor Supercharger,950.9,7,0.18,1009.9
2026-06-13 12:00,12,Saturday,Airport Transit Hub,722.7,6,0.18,705.1
2026-06-13 12:00,12,Saturday,Suburban Plaza,840.7,7,0.18,844.2
2026-06-13 13:00,13,Saturday,Downtown Metro Hub,1170.9,9,0.18,1159.5
2026-06-13 13:00,13,Saturday,Tech Corridor Supercharger,919.6,7,0.18,881.4
2026-06-13 13:00,13,Saturday,Airport Transit Hub,641.7,5,0.18,661.2
2026-06-13 13:00,13,Saturday,Suburban Plaza,660.1,5,0.18,667.6
2026-06-13 14:00,14,Saturday,Downtown Metro Hub,973.7,8,0.18,945.1
2026-06-13 14:00,14,Saturday,Tech Corridor Supercharger,753.4,6,0.18,743.2
2026-06-13 14:00,14,Saturday,Airport Transit Hub,537.9,4,0.18,531.2
2026-06-13 14:00,14,Saturday,Suburban Plaza,653.7,5,0.18,664.2
2026-06-13 15:00,15,Saturday,Downtown Metro Hub,769.8,6,0.18,735.6
2026-06-13 15:00,15,Saturday,Tech Corridor Supercharger,542.5,4,0.18,566.8
2026-06-13 15:00,15,Saturday,Airport Transit Hub,414.5,3,0.18,429.5
2026-06-13 15:00,15,Saturday,Suburban Plaza,586.6,4,0.18,579.1
2026-06-13 16:00,16,Saturday,Downtown Metro Hub,561.8,4,0.42,561.0
2026-06-13 16:00,16,Saturday,Tech Corridor Supercharger,379.1,3,0.42,346.9
2026-06-13 16:00,16,Saturday,Airport Transit Hub,397.5,3,0.42,419.5
2026-06-13 16:00,16,Saturday,Suburban Plaza,418.0,3,0.42,411.2
2026-06-13 17:00,17,Saturday,Downtown Metro Hub,405.6,3,0.42,415.7
2026-06-13 17:00,17,Saturday,Tech Corridor Supercharger,326.2,2,0.42,343.0
2026-06-13 17:00,17,Saturday,Airport Transit Hub,253.6,2,0.42,242.7
2026-06-13 17:00,17,Saturday,Suburban Plaza,376.3,3,0.42,382.2
2026-06-13 18:00,18,Saturday,Downtown Metro Hub,342.5,2,0.42,355.0
2026-06-13 18:00,18,Saturday,Tech Corridor Supercharger,258.1,2,0.42,252.9
2026-06-13 18:00,18,Saturday,Airport Transit Hub,139.3,1,0.42,142.1
2026-06-13 18:00,18,Saturday,Suburban Plaza,275.3,2,0.42,263.6
2026-06-13 19:00,19,Saturday,Downtown Metro Hub,413.8,3,0.42,431.1
2026-06-13 19:00,19,Saturday,Tech Corridor Supercharger,313.7,2,0.42,291.6
2026-06-13 19:00,19,Saturday,Airport Transit Hub,241.8,2,0.42,245.1
2026-06-13 19:00,19,Saturday,Suburban Plaza,323.8,2,0.42,333.9
2026-06-13 20:00,20,Saturday,Downtown Metro Hub,565.1,4,0.42,560.8
2026-06-13 20:00,20,Saturday,Tech Corridor Supercharger,410.9,3,0.42,393.1
2026-06-13 20:00,20,Saturday,Airport Transit Hub,281.6,2,0.42,291.9
2026-06-13 20:00,20,Saturday,Suburban Plaza,447.6,3,0.42,453.4
2026-06-13 21:00,21,Saturday,Downtown Metro Hub,788.6,6,0.42,829.1
2026-06-13 21:00,21,Saturday,Tech Corridor Supercharger,606.6,5,0.42,586.0
2026-06-13 21:00,21,Saturday,Airport Transit Hub,513.7,4,0.42,520.4
2026-06-13 21:00,21,Saturday,Suburban Plaza,603.4,5,0.42,644.8
2026-06-13 22:00,22,Saturday,Downtown Metro Hub,1004.0,8,0.18,961.6
2026-06-13 22:00,22,Saturday,Tech Corridor Supercharger,778.5,6,0.18,823.6
2026-06-13 22:00,22,Saturday,Airport Transit Hub,538.6,4,0.18,523.0
2026-06-13 22:00,22,Saturday,Suburban Plaza,717.9,5,0.18,749.8
2026-06-13 23:00,23,Saturday,Downtown Metro Hub,1100.6,9,0.18,1090.2
2026-06-13 23:00,23,Saturday,Tech Corridor Supercharger,868.7,7,0.18,844.1
2026-06-13 23:00,23,Saturday,Airport Transit Hub,610.4,5,0.18,577.7
2026-06-13 23:00,23,Saturday,Suburban Plaza,758.4,6,0.18,732.2
2026-06-14 00:00,0,Sunday,Downtown Metro Hub,1183.7,9,0.18,1131.8
2026-06-14 00:00,0,Sunday,Tech Corridor Supercharger,973.7,8,0.18,987.5
2026-06-14 00:00,0,Sunday,Airport Transit Hub,663.6,5,0.18,707.0
2026-06-14 00:00,0,Sunday,Suburban Plaza,783.3,6,0.18,804.5
2026-06-14 01:00,1,Sunday,Downtown Metro Hub,1116.0,9,0.18,1076.7
2026-06-14 01:00,1,Sunday,Tech Corridor Supercharger,871.2,7,0.18,936.1
2026-06-14 01:00,1,Sunday,Airport Transit Hub,623.8,5,0.18,588.5
2026-06-14 01:00,1,Sunday,Suburban Plaza,777.8,6,0.18,794.5
2026-06-14 02:00,2,Sunday,Downtown Metro Hub,990.4,8,0.18,1007.1
2026-06-14 02:00,2,Sunday,Tech Corridor Supercharger,814.1,6,0.18,798.7
2026-06-14 02:00,2,Sunday,Airport Transit Hub,528.1,4,0.18,500.4
2026-06-14 02:00,2,Sunday,Suburban Plaza,678.2,5,0.18,696.2
2026-06-14 03:00,3,Sunday,Downtown Metro Hub,724.2,6,0.18,731.6
2026-06-14 03:00,3,Sunday,Tech Corridor Supercharger,620.2,5,0.18,561.1
2026-06-14 03:00,3,Sunday,Airport Transit Hub,421.7,3,0.18,427.8
2026-06-14 03:00,3,Sunday,Suburban Plaza,552.2,4,0.18,554.7
2026-06-14 04:00,4,Sunday,Downtown Metro Hub,602.8,5,0.18,629.4
2026-06-14 04:00,4,Sunday,Tech Corridor Supercharger,409.3,3,0.18,414.8
2026-06-14 04:00,4,Sunday,Airport Transit Hub,329.1,2,0.18,349.9
2026-06-14 04:00,4,Sunday,Suburban Plaza,501.3,4,0.18,515.2
2026-06-14 05:00,5,Sunday,Downtown Metro Hub,398.5,3,0.18,396.2
2026-06-14 05:00,5,Sunday,Tech Corridor Supercharger,238.9,1,0.18,244.5
2026-06-14 05:00,5,Sunday,Airport Transit Hub,244.7,2,0.18,252.5
2026-06-14 05:00,5,Sunday,Suburban Plaza,353.0,2,0.18,352.6
2026-06-14 06:00,6,Sunday,Downtown Metro Hub,407.4,3,0.18,396.4
2026-06-14 06:00,6,Sunday,Tech Corridor Supercharger,293.3,2,0.18,306.2
2026-06-14 06:00,6,Sunday,Airport Transit Hub,196.1,1,0.18,184.2
2026-06-14 06:00,6,Sunday,Suburban Plaza,305.8,2,0.18,304.3
2026-06-14 07:00,7,Sunday,Downtown Metro Hub,425.0,3,0.18,404.1
2026-06-14 07:00,7,Sunday,Tech Corridor Supercharger,323.5,2,0.18,317.7
2026-06-14 07:00,7,Sunday,Airport Transit Hub,225.2,1,0.18,224.9
2026-06-14 07:00,7,Sunday,Suburban Plaza,367.2,3,0.18,381.7
2026-06-14 08:00,8,Sunday,Downtown Metro Hub,508.9,4,0.18,491.0
2026-06-14 08:00,8,Sunday,Tech Corridor Supercharger,472.1,3,0.18,464.8
2026-06-14 08:00,8,Sunday,Airport Transit Hub,323.6,2,0.18,316.7
2026-06-14 08:00,8,Sunday,Suburban Plaza,455.5,3,0.18,458.1
2026-06-14 09:00,9,Sunday,Downtown Metro Hub,822.6,6,0.18,894.1
2026-06-14 09:00,9,Sunday,Tech Corridor Supercharger,575.5,4,0.18,551.4
2026-06-14 09:00,9,Sunday,Airport Transit Hub,415.8,3,0.18,422.0
2026-06-14 09:00,9,Sunday,Suburban Plaza,537.8,4,0.18,531.9
2026-06-14 10:00,10,Sunday,Downtown Metro Hub,978.3,8,0.18,974.2
2026-06-14 10:00,10,Sunday,Tech Corridor Supercharger,837.9,6,0.18,758.9
2026-06-14 10:00,10,Sunday,Airport Transit Hub,586.3,4,0.18,573.5
2026-06-14 10:00,10,Sunday,Suburban Plaza,652.0,5,0.18,645.2
2026-06-14 11:00,11,Sunday,Downtown Metro Hub,1116.7,9,0.18,1097.4
2026-06-14 11:00,11,Sunday,Tech Corridor Supercharger,880.6,7,0.18,824.0
2026-06-14 11:00,11,Sunday,Airport Transit Hub,644.7,5,0.18,619.3
2026-06-14 11:00,11,Sunday,Suburban Plaza,820.7,6,0.18,803.1
2026-06-14 12:00,12,Sunday,Downtown Metro Hub,1213.7,10,0.18,1267.5
2026-06-14 12:00,12,Sunday,Tech Corridor Supercharger,978.2,8,0.18,1030.5
2026-06-14 12:00,12,Sunday,Airport Transit Hub,640.7,5,0.18,615.2
2026-06-14 12:00,12,Sunday,Suburban Plaza,829.5,6,0.18,848.8
2026-06-14 13:00,13,Sunday,Downtown Metro Hub,1127.1,9,0.18,1150.0
2026-06-14 13:00,13,Sunday,Tech Corridor Supercharger,864.5,7,0.18,780.6
2026-06-14 13:00,13,Sunday,Airport Transit Hub,659.2,5,0.18,678.3
2026-06-14 13:00,13,Sunday,Suburban Plaza,732.1,6,0.18,705.6
2026-06-14 14:00,14,Sunday,Downtown Metro Hub,965.4,8,0.18,985.8
2026-06-14 14:00,14,Sunday,Tech Corridor Supercharger,799.9,6,0.18,849.8
2026-06-14 14:00,14,Sunday,Airport Transit Hub,569.7,4,0.18,599.8
2026-06-14 14:00,14,Sunday,Suburban Plaza,607.0,5,0.18,594.1
2026-06-14 15:00,15,Sunday,Downtown Metro Hub,840.3,7,0.18,880.3
2026-06-14 15:00,15,Sunday,Tech Corridor Supercharger,567.0,4,0.18,568.7
2026-06-14 15:00,15,Sunday,Airport Transit Hub,496.1,4,0.18,487.2
2026-06-14 15:00,15,Sunday,Suburban Plaza,540.3,4,0.18,532.4
2026-06-14 16:00,16,Sunday,Downtown Metro Hub,577.8,4,0.42,549.6
2026-06-14 16:00,16,Sunday,Tech Corridor Supercharger,423.6,3,0.42,440.9
2026-06-14 16:00,16,Sunday,Airport Transit Hub,278.9,2,0.42,268.1
2026-06-14 16:00,16,Sunday,Suburban Plaza,471.3,3,0.42,477.6
2026-06-14 17:00,17,Sunday,Downtown Metro Hub,433.5,3,0.42,429.5
2026-06-14 17:00,17,Sunday,Tech Corridor Supercharger,369.9,3,0.42,380.4
2026-06-14 17:00,17,Sunday,Airport Transit Hub,244.4,2,0.42,246.3
2026-06-14 17:00,17,Sunday,Suburban Plaza,346.5,2,0.42,364.0
2026-06-14 18:00,18,Sunday,Downtown Metro Hub,282.3,2,0.42,286.9
2026-06-14 18:00,18,Sunday,Tech Corridor Supercharger,274.3,2,0.42,273.5
2026-06-14 18:00,18,Sunday,Airport Transit Hub,201.6,1,0.42,190.0
2026-06-14 18:00,18,Sunday,Suburban Plaza,372.6,3,0.42,360.9
2026-06-14 19:00,19,Sunday,Downtown Metro Hub,435.4,3,0.42,415.2
2026-06-14 19:00,19,Sunday,Tech Corridor Supercharger,329.3,2,0.42,325.0
2026-06-14 19:00,19,Sunday,Airport Transit Hub,229.4,1,0.42,232.2
2026-06-14 19:00,19,Sunday,Suburban Plaza,302.2,2,0.42,277.9
2026-06-14 20:00,20,Sunday,Downtown Metro Hub,474.1,3,0.42,455.2
2026-06-14 20:00,20,Sunday,Tech Corridor Supercharger,433.8,3,0.42,442.3
2026-06-14 20:00,20,Sunday,Airport Transit Hub,278.6,2,0.42,280.5
2026-06-14 20:00,20,Sunday,Suburban Plaza,430.5,3,0.42,414.5
2026-06-14 21:00,21,Sunday,Downtown Metro Hub,724.7,6,0.42,746.6
2026-06-14 21:00,21,Sunday,Tech Corridor Supercharger,627.5,5,0.42,708.0
2026-06-14 21:00,21,Sunday,Airport Transit Hub,508.8,4,0.42,523.1
2026-06-14 21:00,21,Sunday,Suburban Plaza,538.3,4,0.42,551.4
2026-06-14 22:00,22,Sunday,Downtown Metro Hub,999.9,8,0.18,976.2
2026-06-14 22:00,22,Sunday,Tech Corridor Supercharger,822.6,6,0.18,808.5
2026-06-14 22:00,22,Sunday,Airport Transit Hub,541.0,4,0.18,574.1
2026-06-14 22:00,22,Sunday,Suburban Plaza,721.9,6,0.18,700.1
2026-06-14 23:00,23,Sunday,Downtown Metro Hub,1112.1,9,0.18,1095.1
2026-06-14 23:00,23,Sunday,Tech Corridor Supercharger,878.6,7,0.18,841.4
2026-06-14 23:00,23,Sunday,Airport Transit Hub,645.4,5,0.18,636.6
2026-06-14 23:00,23,Sunday,Suburban Plaza,765.9,6,0.18,705.4
