Telemetry_Timestamp_ms,Speed_kmh,Lateral_Acceleration_G,Longitudinal_Accel_G,Active_Wing_Angle_deg,Aerodynamic_Downforce_kg,Tire_Tread_Temp_C
0,220.0,-0.84,-0.15,10.3,296.6,83.0
100,243.5,-0.06,0.26,10.9,378.9,80.1
200,100.1,0.05,0.13,5.1,39.5,69.8
300,263.8,1.21,-0.69,14.6,552.1,100.0
400,237.6,0.89,-0.23,9.3,321.0,87.7
500,244.2,-0.12,0.32,9.8,352.0,75.2
600,290.0,-0.76,-0.17,15.2,688.0,84.2
700,152.9,0.67,0.57,6.5,106.3,89.2
800,142.9,-0.54,-0.31,7.3,99.7,84.0
900,226.9,0.12,-0.18,10.8,327.0,70.1
1000,188.8,-0.42,-0.47,9.7,209.3,82.5
1100,93.2,0.54,-0.88,4.1,30.5,91.2
1200,162.6,-0.98,0.15,7.8,134.3,88.8
1300,106.7,0.57,-0.43,5.4,46.1,87.3
1400,63.1,0.8,-0.82,3.6,13.1,88.9
1500,193.9,-1.45,-0.63,10.4,231.6,111.1
1600,269.5,0.02,0.42,11.4,478.9,73.8
1700,280.3,0.2,-0.98,13.7,592.8,87.0
1800,162.9,0.36,-1.09,7.8,134.6,93.4
1900,65.8,0.19,0.19,0.6,8.9,71.4
2000,238.0,0.35,0.93,11.7,379.2,88.4
2100,193.7,0.69,0.57,9.1,211.2,84.0
2200,75.2,-1.13,0.65,3.4,18.3,95.0
2300,230.2,-0.13,0.22,11.2,344.4,79.3
2400,86.5,-0.13,0.43,3.9,25.8,76.8
2500,78.3,-0.74,-0.08,1.9,15.9,79.6
2600,102.9,1.44,0.35,4.6,39.7,103.7
2700,228.8,-0.76,0.47,8.9,290.0,84.0
2800,219.5,0.36,-1.02,10.9,306.9,90.7
2900,288.7,-0.51,-0.55,12.2,578.8,85.3
3000,82.9,0.52,-0.95,4.6,25.5,93.3
3100,286.9,-0.02,0.07,17.0,737.0,71.2
3200,175.0,0.14,0.17,6.9,143.8,78.2
3300,258.6,0.43,-0.11,12.6,473.3,78.2
3400,197.4,-0.36,0.12,10.4,240.3,82.2
3500,76.8,0.1,0.24,4.6,21.9,75.6
3600,149.8,-0.19,0.19,7.2,108.6,76.7
3700,282.9,0.18,0.47,12.2,555.0,77.3
3800,167.7,0.81,0.7,8.8,154.4,88.1
3900,149.7,-0.91,-0.06,6.3,100.0,91.0
4000,271.9,0.15,-0.15,14.4,581.3,76.2
4100,116.4,-0.15,0.24,6.0,58.7,75.5
4200,110.6,-0.23,-0.86,4.8,46.6,84.3
4300,78.2,-0.12,0.31,4.6,22.7,79.2
4400,119.8,1.3,0.03,6.1,62.8,97.5
4500,71.9,0.71,0.21,3.2,16.3,83.6
4600,104.7,-1.06,-0.1,4.3,39.4,93.1
4700,135.7,-0.85,0.47,5.1,73.0,87.8
4800,177.4,-1.15,-0.66,8.5,169.2,98.6
4900,66.3,-0.79,-0.14,4.1,15.5,81.3
5000,120.1,-0.15,0.78,4.0,50.0,82.1
5100,247.5,-0.28,0.41,9.5,354.3,80.3
5200,143.0,-0.19,0.88,6.5,92.8,90.8
5300,183.3,0.18,0.19,7.7,168.6,72.0
5400,81.6,-0.52,-0.23,4.9,25.6,79.6
5500,169.4,-0.06,0.23,8.5,153.9,78.4
5600,109.3,-0.19,-0.6,4.7,45.0,79.2
5700,204.1,-0.2,-0.32,10.2,253.3,75.6
5800,244.0,-0.39,0.04,9.9,355.9,77.0
5900,191.2,-0.22,0.61,8.8,200.6,78.1
6000,94.7,0.14,0.07,4.5,32.9,73.9
6100,139.9,0.91,-0.49,5.2,78.1,87.9
6200,182.8,0.16,-0.74,8.7,182.1,80.5
6300,167.2,0.63,-0.01,8.2,146.7,80.4
6400,148.0,-0.02,-0.0,7.3,106.9,75.6
6500,234.7,0.53,-1.34,10.2,334.5,103.1
6600,134.0,-0.51,0.23,5.4,73.2,82.6
6700,281.4,0.17,0.52,11.9,537.0,77.7
6800,98.2,-0.7,0.2,4.9,37.3,80.8
6900,155.7,-0.27,-0.25,5.5,100.0,78.1
7000,136.1,-0.58,-0.14,5.2,73.7,75.7
7100,94.8,0.6,-0.03,5.0,35.2,80.8
7200,127.3,0.17,0.19,4.3,58.1,75.5
7300,236.3,0.98,1.12,10.8,353.4,100.7
7400,192.8,-0.05,0.47,7.6,185.7,80.5
7500,161.1,0.52,0.34,6.5,117.0,79.2
7600,81.4,0.57,-0.81,3.8,22.5,94.2
7700,120.9,-0.14,-0.08,6.6,66.6,77.4
7800,108.3,-0.2,-0.36,4.5,43.1,75.2
7900,118.8,0.12,0.41,4.4,51.3,76.6
8000,163.1,0.53,-0.48,7.5,131.2,86.1
8100,171.2,-0.21,-0.01,8.0,150.6,74.1
8200,198.6,-0.08,0.51,8.1,204.5,77.1
8300,187.1,-0.22,-0.01,11.1,226.2,74.2
8400,108.7,0.72,-0.16,2.8,35.0,79.4
8500,205.3,-1.12,0.4,10.1,254.6,95.3
8600,100.9,-0.26,-0.3,6.3,45.1,75.9
8700,130.4,-0.74,0.7,6.6,77.5,91.4
8800,288.5,-0.7,-0.13,12.7,594.7,82.9
8900,230.8,-0.95,0.06,8.8,292.1,89.8
9000,180.5,-0.65,-0.38,9.2,184.8,83.9
9100,141.2,0.35,0.36,5.0,77.7,75.0
9200,233.1,0.48,0.71,13.4,403.6,82.9
9300,129.7,0.67,0.81,6.7,77.9,88.9
9400,105.5,0.92,-0.53,7.4,54.6,92.5
9500,191.4,-1.5,0.47,9.7,215.8,108.2
9600,242.8,0.22,0.51,10.5,366.3,81.9
9700,139.6,0.45,-0.25,6.9,91.2,82.9
9800,166.4,0.71,0.18,7.0,131.1,80.4
9900,211.3,0.24,0.7,10.8,283.0,86.4
10000,256.0,0.07,0.8,12.7,468.0,85.9
10100,123.5,-1.25,-0.08,4.8,58.3,98.5
10200,279.0,-0.16,0.32,15.8,655.3,75.7
10300,173.0,-1.3,-0.06,8.3,158.5,101.1
10400,224.2,0.33,-0.03,10.8,319.5,76.1
10500,245.6,0.29,0.76,11.4,397.5,81.5
10600,242.6,-0.97,-0.0,11.7,394.6,90.0
10700,63.3,-0.1,0.39,2.4,11.2,77.8
10800,268.4,0.94,-0.4,12.3,501.2,91.8
10900,117.7,0.82,0.3,6.1,60.4,87.7
11000,161.2,0.55,-0.57,8.8,143.1,78.6
11100,93.8,0.76,0.22,2.5,25.2,83.1
11200,194.8,0.59,-0.14,7.6,189.0,83.3
11300,153.3,-0.17,1.2,9.9,139.8,96.8
11400,70.8,0.69,0.41,2.8,15.0,84.6
11500,135.1,-0.29,-0.58,7.4,89.6,80.9
11600,98.9,0.29,1.7,6.3,43.3,117.7
11700,279.3,0.71,-0.07,13.5,581.6,81.0
11800,237.2,-0.43,-0.35,11.3,367.8,78.3
11900,126.2,0.1,0.97,5.8,67.6,88.1
12000,247.5,-0.67,0.14,12.1,420.7,81.8
12100,138.0,-0.09,0.26,8.1,98.9,76.8
12200,253.2,0.68,-0.26,13.1,467.8,78.2
12300,152.4,-0.48,-0.04,8.2,122.2,79.5
12400,88.2,-0.37,0.5,3.2,24.5,80.8
12500,280.5,0.6,-0.01,13.2,579.1,80.3
12600,77.0,-0.05,0.56,4.2,21.1,78.2
12700,234.2,0.04,-0.23,11.8,369.5,73.4
12800,122.1,-0.17,0.27,5.0,58.1,77.9
12900,100.7,-0.2,0.16,4.1,35.9,76.2
13000,104.2,-0.11,-0.26,5.5,44.6,75.9
13100,244.0,0.51,0.09,12.7,425.2,72.6
13200,217.1,0.18,-0.2,9.9,280.2,72.4
13300,273.0,0.22,0.08,14.8,596.0,73.6
13400,284.8,1.46,-0.25,13.4,603.8,108.6
13500,91.6,-0.08,-0.98,4.5,30.9,88.9
13600,157.7,-0.63,-0.3,8.9,137.4,79.5
13700,66.0,-1.88,-0.47,3.3,13.8,126.6
13800,90.0,0.38,-0.95,5.9,34.7,86.9
13900,268.3,0.03,-0.42,10.6,450.2,77.9
14000,117.2,0.27,0.01,3.1,42.6,78.9
14100,236.2,1.35,-0.5,10.6,349.3,104.7
14200,277.7,-1.15,-0.1,15.3,635.6,93.5
14300,222.8,0.22,0.34,10.5,307.9,74.6
14400,61.0,-0.53,0.35,3.5,12.2,77.1
14500,104.5,-0.34,-0.02,4.2,39.1,72.2
14600,254.3,-0.58,0.25,12.0,443.0,80.6
14700,79.5,-0.03,-0.35,5.4,25.8,79.1
14800,180.6,0.02,0.07,10.0,195.6,81.5
14900,168.2,0.87,-0.07,7.5,140.5,91.8
15000,204.2,-0.53,-0.7,10.5,258.8,91.1
15100,160.8,0.99,0.43,7.0,122.3,93.3
15200,288.2,-0.48,0.27,15.4,685.3,81.2
15300,203.7,0.88,-0.39,11.0,267.0,84.6
15400,126.3,0.51,0.75,5.2,63.7,87.8
15500,218.7,0.23,-0.06,12.6,339.2,76.5
15600,177.1,0.08,-0.42,7.6,156.8,77.6
15700,259.1,-0.21,-0.91,11.8,454.9,82.4
15800,195.4,1.13,0.28,10.0,228.3,100.8
15900,171.9,-0.04,0.36,9.4,170.4,78.1
16000,66.3,-0.47,-0.25,4.7,16.6,82.3
16100,211.2,0.01,0.92,10.8,282.2,87.3
16200,119.5,0.96,-0.31,4.9,55.3,90.3
16300,115.4,-0.25,0.42,5.9,56.8,78.9
16400,264.0,-0.31,0.4,13.8,529.0,70.5
16500,135.3,-0.34,-1.06,6.4,82.1,91.3
16600,245.2,0.33,0.02,12.8,431.9,80.5
16700,229.8,0.31,-0.56,14.3,411.5,80.7
16800,229.0,-0.56,-0.29,8.8,289.3,79.4
16900,243.6,-0.82,-0.28,12.2,412.1,85.6
17000,243.5,0.49,-0.48,12.0,406.7,80.7
17100,64.9,1.08,-0.32,1.9,10.9,92.8
17200,102.3,-0.44,0.19,8.9,57.9,79.9
17300,190.7,-0.26,-0.86,9.5,211.2,88.7
17400,272.0,-0.09,-0.5,13.7,559.2,75.8
17500,141.3,-0.36,0.58,7.5,98.4,82.5
17600,127.9,-0.02,0.04,5.5,67.2,72.7
17700,241.8,-1.09,0.32,11.3,382.7,96.4
17800,96.6,0.32,0.55,3.5,30.4,78.3
17900,239.8,-0.74,-0.87,12.0,393.8,93.8
18000,164.0,0.38,0.53,7.9,137.2,81.4
18100,88.7,1.43,0.54,5.9,33.6,110.9
18200,246.7,0.53,-0.21,10.0,365.0,79.0
18300,200.0,-0.01,0.39,7.8,203.2,75.4
18400,168.9,0.21,0.23,9.7,167.5,77.5
18500,112.8,0.01,0.4,2.7,37.3,76.3
18600,287.7,-0.71,0.39,12.7,590.9,80.5
18700,277.4,0.5,0.58,13.2,563.5,84.4
18800,268.7,-0.46,1.02,12.3,502.3,91.2
18900,275.2,-0.2,-0.32,13.1,553.2,79.9
19000,200.3,-1.24,0.45,9.8,238.1,98.0
19100,243.6,0.08,-0.56,13.1,432.3,83.4
19200,163.2,1.86,0.07,10.7,168.0,124.2
19300,92.6,-0.05,0.3,7.4,42.2,71.7
19400,89.5,0.29,-0.24,6.4,35.9,74.3
19500,269.3,0.36,0.1,14.2,561.6,74.2
19600,121.7,-0.06,0.11,5.5,61.1,74.7
19700,123.2,-0.32,-0.43,6.4,68.1,80.6
19800,157.2,-0.88,0.16,5.1,97.6,84.0
19900,97.8,0.3,-0.33,5.4,38.7,81.6
20000,186.4,-0.43,0.42,9.1,195.6,80.6
20100,211.3,0.13,0.3,11.1,288.1,78.0
20200,160.9,-0.17,-0.81,7.4,127.4,86.3
20300,266.7,-0.24,-0.17,11.4,468.1,74.1
20400,125.8,0.77,0.41,7.0,74.8,79.0
20500,179.1,-0.16,0.12,8.1,166.5,72.0
20600,156.6,-0.12,-0.46,8.5,131.9,76.2
20700,107.9,-0.19,0.38,4.0,40.3,81.3
20800,106.7,-0.27,0.02,4.9,44.0,77.2
20900,77.7,-0.24,-0.5,4.8,23.1,83.4
21000,245.1,-0.09,0.88,11.9,408.4,89.9
21100,248.4,0.11,-0.35,10.6,386.4,76.8
21200,184.2,0.11,-1.64,8.4,180.2,106.2
21300,268.1,0.79,0.66,14.2,557.2,91.0
21400,250.6,-0.55,-0.5,12.2,435.7,78.9
21500,288.9,0.41,0.03,13.7,630.4,76.7
21600,177.1,-0.13,-1.11,9.1,177.0,89.9
21700,64.4,-0.57,-0.73,4.1,14.7,86.4
21800,201.2,0.13,0.04,8.4,214.9,73.1
21900,195.4,-0.95,0.36,7.4,186.7,89.3
22000,257.4,-0.05,-0.41,11.9,450.7,80.6
22100,228.0,-0.28,-0.55,11.0,334.5,79.7
22200,187.2,-0.07,-0.75,9.5,202.3,82.0
22300,175.1,-0.59,0.14,9.5,177.6,81.8
22400,259.5,-0.27,-1.14,9.9,400.8,92.9
22500,236.2,0.08,0.64,11.4,368.0,80.7
22600,276.2,-0.05,0.16,11.9,519.1,76.2
22700,289.8,0.24,-0.6,12.8,601.2,80.8
22800,245.7,-0.1,0.73,10.9,386.3,82.6
22900,156.5,-0.09,0.09,6.1,107.0,76.9
23000,184.9,0.27,-0.63,7.8,174.0,82.1
23100,65.7,-0.08,0.08,3.8,14.6,76.2
23200,228.4,0.62,-0.4,12.3,363.2,77.8
23300,174.5,-0.08,0.75,7.1,146.0,83.0
23400,141.2,0.45,0.43,9.5,115.2,83.4
23500,270.3,-0.89,-0.45,12.9,526.6,89.3
23600,130.8,0.75,-1.01,8.2,90.0,95.5
23700,89.2,0.77,-0.36,1.8,20.4,81.4
23800,100.9,0.76,-0.7,5.7,42.9,88.7
23900,213.0,0.68,-0.34,11.1,293.0,82.3
24000,261.1,-0.31,-0.06,10.3,418.1,77.5
24100,268.0,0.03,0.34,13.6,540.7,75.0
24200,223.6,0.42,1.09,11.2,325.8,96.5
24300,68.0,-0.76,-0.9,4.3,16.7,96.0
24400,156.5,-0.36,-0.17,4.4,89.3,80.8
24500,189.6,-0.72,0.1,11.9,244.9,81.5
24600,162.4,0.67,0.25,5.6,109.8,86.5
24700,77.7,-0.17,0.02,5.9,25.7,69.8
24800,177.5,-0.64,-0.38,8.6,170.8,83.3
24900,177.2,-0.97,-0.72,8.9,174.1,93.5
25000,114.6,-0.83,-0.75,4.6,48.9,93.4
25100,209.5,0.02,-0.19,12.0,299.4,77.5
25200,134.6,-0.26,-0.09,6.2,79.4,73.5
25300,246.8,-0.39,-0.65,11.9,413.6,85.6
25400,121.3,0.56,-0.07,5.9,62.7,77.7
25500,103.2,-0.32,0.17,4.6,39.7,75.6
25600,84.4,-0.44,1.13,4.1,25.2,96.7
25700,260.9,-0.26,0.14,11.5,450.5,77.2
25800,219.4,0.17,-0.34,11.5,318.7,83.0
25900,179.9,1.16,0.12,8.8,178.3,87.5
26000,75.7,-0.72,-0.38,2.9,17.4,83.3
26100,144.0,-1.01,-0.06,5.9,88.8,86.0
26200,197.7,0.99,-0.29,8.6,211.1,87.0
26300,284.4,-0.69,-0.91,13.3,598.8,92.7
26400,235.8,0.69,0.53,11.2,361.0,87.0
26500,214.8,0.25,0.31,10.0,276.3,79.5
26600,160.9,-0.05,0.02,8.5,139.1,75.4
26700,275.9,0.69,-0.56,12.8,545.0,84.8
26800,127.5,0.1,-0.12,7.3,79.1,74.7
26900,198.0,0.23,0.13,9.1,220.1,75.9
27000,103.5,-1.61,0.13,5.0,41.8,108.3
27100,88.8,-0.19,0.37,4.0,27.4,78.2
27200,223.1,-0.88,0.09,11.1,321.9,86.5
27300,288.4,-0.17,-0.25,13.9,636.4,73.3
27400,92.9,0.9,-0.49,3.1,26.7,91.3
27500,90.2,0.03,0.02,6.1,35.4,75.5
27600,145.5,0.5,0.81,4.2,75.1,87.8
27700,216.5,0.01,0.03,10.4,289.7,73.6
27800,118.4,0.03,0.56,5.3,56.2,77.7
27900,213.1,0.48,0.95,11.9,308.3,90.6
28000,229.3,0.12,1.15,10.1,317.0,90.9
28100,250.2,0.45,-0.14,14.2,486.0,76.2
28200,140.1,-0.21,0.05,6.8,91.4,79.5
28300,142.0,0.04,0.05,7.2,97.3,75.3
28400,114.5,-2.0,0.04,6.8,61.2,131.2
28500,92.8,0.87,0.31,5.8,36.5,90.8
28600,71.9,-0.59,0.16,5.1,20.4,83.9
28700,286.8,-0.24,-0.33,12.6,584.1,81.8
28800,128.5,1.26,-0.16,6.6,75.8,95.0
28900,206.3,-0.52,-0.11,10.3,261.2,76.9
29000,153.8,0.62,0.7,4.8,90.3,88.1
29100,251.5,-0.23,0.1,11.6,423.4,72.8
29200,195.6,0.74,0.09,8.9,211.0,78.3
29300,170.7,0.48,0.33,9.3,166.6,78.8
29400,73.1,-0.42,-0.25,2.8,16.0,75.1
29500,87.2,0.43,0.88,4.6,28.5,89.9
29600,85.1,-0.03,0.19,1.0,16.0,75.8
29700,247.7,-0.21,0.43,10.7,385.6,75.3
29800,144.0,-0.7,-0.47,6.5,93.9,84.7
29900,213.6,0.06,-0.67,10.3,279.0,75.2
30000,256.9,0.87,-1.2,12.8,472.6,105.1
30100,80.5,0.64,-0.25,4.4,23.7,81.2
30200,131.6,0.3,0.55,6.9,81.2,77.6
30300,121.6,-0.83,0.68,7.1,70.7,90.3
30400,121.1,0.49,-0.21,6.1,63.8,75.0
30500,159.3,-0.24,0.94,7.1,121.4,89.1
30600,221.0,-1.06,0.25,10.9,311.0,92.2
30700,263.5,0.28,-0.42,12.0,475.1,79.1
30800,70.2,-1.38,0.66,2.6,14.3,107.7
30900,213.4,0.5,-0.2,11.4,300.9,77.4
31000,167.2,0.73,0.08,10.3,171.5,81.3
31100,66.1,-0.72,-0.16,2.6,12.7,83.1
31200,126.3,0.3,0.34,5.8,67.8,76.5
31300,275.4,0.35,0.01,11.5,504.3,80.1
31400,132.8,-1.64,1.58,5.3,71.1,143.7
31500,272.9,-0.99,-0.72,16.0,635.6,96.9
31600,217.2,0.14,-0.26,11.2,307.2,74.1
31700,273.9,0.65,-0.35,10.3,460.4,86.2
31800,102.2,0.95,-0.79,3.3,33.2,90.1
31900,102.5,0.28,-0.66,4.9,40.5,82.0
32000,179.3,-1.01,0.22,8.4,170.7,91.5
32100,263.7,-1.18,0.7,12.2,480.6,102.9
32200,72.1,0.43,-0.38,1.9,13.5,74.8
32300,274.8,-0.08,1.12,12.2,523.5,89.0
32400,226.8,-0.94,-0.3,10.0,307.5,88.0
32500,140.4,-0.5,1.01,7.8,100.2,95.2
32600,193.8,-1.03,0.17,6.5,170.4,87.7
32700,80.8,-0.22,0.07,3.0,19.9,77.1
32800,102.7,0.05,0.04,6.2,46.6,75.7
32900,67.9,-0.13,-0.63,4.4,16.9,82.0
33000,88.0,0.19,0.65,3.3,24.8,82.3
33100,121.8,-0.08,-1.19,6.1,64.5,90.9
33200,161.8,-0.11,0.4,9.8,154.3,77.9
33300,211.0,0.37,-0.46,11.5,295.6,75.6
33400,236.7,0.29,0.36,10.1,338.6,78.3
33500,130.8,-0.03,-0.35,5.2,68.2,76.4
33600,229.7,0.84,-0.46,12.2,365.8,89.2
33700,248.1,-0.09,-0.18,12.5,433.8,75.5
33800,143.4,-0.3,-0.0,6.4,92.7,75.6
33900,146.9,0.5,0.28,8.0,111.0,81.1
34000,284.1,0.19,-0.62,13.7,609.6,86.0
34100,211.1,-0.26,-0.41,8.5,239.1,79.2
34200,115.9,-0.01,0.42,6.6,61.3,75.4
34300,243.1,-1.35,-0.55,12.0,404.3,106.1
34400,117.9,0.18,0.5,6.1,60.6,80.4
34500,284.4,0.49,0.31,13.2,595.1,78.2
34600,213.9,-0.14,0.07,10.1,276.3,76.1
34700,279.0,0.38,-0.23,14.1,601.4,74.7
34800,227.5,0.25,-0.03,10.0,311.4,76.6
34900,164.4,0.37,0.37,7.5,133.7,82.6
35000,276.8,-0.06,0.29,15.3,631.2,77.2
35100,231.0,0.01,0.42,10.1,321.7,75.9
35200,249.6,0.71,-0.37,13.2,457.8,81.7
35300,174.4,0.52,0.7,8.8,167.2,84.5
35400,270.7,0.78,-0.45,12.8,526.5,83.4
35500,217.5,-1.08,-0.83,10.0,283.7,101.9
35600,103.3,-0.29,-1.24,4.6,39.6,99.4
35700,85.0,0.83,0.07,4.3,26.2,89.4
35800,221.5,-0.57,-0.33,12.2,339.4,82.7
35900,219.6,-0.08,1.16,12.0,329.7,93.9
36000,135.7,-0.44,0.63,5.5,75.6,84.6
36100,176.3,-0.17,-0.68,6.7,143.3,79.4
36200,135.4,0.26,1.05,5.8,77.8,94.3
36300,248.9,-0.16,0.48,10.3,379.4,76.5
36400,60.6,1.36,0.32,2.2,10.1,106.7
36500,110.3,-0.83,-0.2,6.0,52.5,93.1
36600,177.2,-0.02,-0.21,9.6,183.1,78.5
36700,243.1,-1.04,-0.06,12.4,413.7,94.9
36800,77.3,-0.48,0.32,2.1,16.1,82.2
36900,203.7,0.49,-0.34,9.7,244.4,80.7
37000,184.1,0.83,-0.29,7.6,169.4,87.5
37100,256.1,0.05,-0.25,10.0,392.8,75.3
37200,195.1,-0.07,0.09,8.4,203.3,76.3
37300,121.2,1.52,0.02,4.7,55.5,108.3
37400,140.1,0.61,-0.54,8.1,102.0,84.5
37500,141.4,-0.4,0.76,6.9,93.8,86.7
37600,85.6,-1.19,0.65,5.7,30.6,99.7
37700,127.4,-0.89,0.35,4.1,57.0,84.3
37800,191.5,-0.07,-0.89,10.2,222.7,85.6
37900,270.3,1.37,-0.03,14.2,567.5,98.8
38000,106.4,-0.05,-0.39,5.7,47.5,78.7
38100,127.3,0.22,0.75,6.9,76.3,87.5
38200,149.6,-0.35,0.43,5.5,92.0,81.4
38300,159.4,-0.58,2.14,6.9,119.5,145.9
38400,108.3,1.4,-0.6,7.6,58.8,105.4
38500,65.4,-1.16,0.76,2.9,12.9,103.7
38600,129.3,-0.54,-0.55,5.6,69.4,88.3
38700,287.1,-0.21,0.17,14.0,633.2,76.7
38800,133.2,0.5,0.72,7.1,85.1,81.6
38900,225.3,0.72,0.22,10.3,311.5,83.8
39000,166.1,1.24,0.2,9.2,156.8,95.1
39100,122.8,-0.43,-0.02,5.0,58.5,80.0
39200,103.0,0.06,-0.78,4.5,39.0,81.1
39300,130.7,-0.03,-0.54,6.4,76.6,79.4
39400,244.0,0.28,0.54,9.5,345.8,80.9
39500,64.0,0.18,-0.42,4.9,15.8,76.8
39600,118.2,-0.15,-0.85,6.4,62.7,84.1
39700,121.9,1.16,0.56,7.0,70.2,98.7
39800,289.3,0.12,-0.68,15.5,695.9,82.2
39900,286.9,0.09,-0.49,12.8,591.3,75.7
40000,247.7,0.21,0.38,12.9,443.3,78.0
40100,166.8,-0.1,0.28,8.5,149.1,77.9
40200,71.2,-0.26,-0.16,3.1,15.7,74.2
40300,172.1,0.17,0.45,9.6,173.4,78.6
40400,159.2,0.59,-0.09,7.3,123.3,80.2
40500,72.8,0.24,0.47,3.7,17.8,78.6
40600,73.5,-0.51,-0.16,4.0,18.8,76.4
40700,126.9,-0.64,-0.65,4.5,59.6,85.3
40800,73.9,0.29,0.88,3.5,17.8,91.0
40900,115.6,0.24,0.61,5.1,52.5,84.6
41000,269.7,-0.58,0.11,12.1,500.9,82.8
41100,238.2,-0.39,0.57,10.7,356.5,81.7
41200,162.6,-0.98,0.23,8.0,137.0,94.7
41300,102.1,-1.03,0.33,5.9,44.7,89.5
41400,210.6,0.49,0.3,10.4,274.1,77.2
41500,77.7,-1.21,1.37,3.2,19.0,122.6
41600,213.8,-0.86,0.79,11.2,298.0,95.0
41700,216.8,0.61,-0.91,10.7,296.3,97.2
41800,155.5,-1.3,0.3,8.7,132.0,101.0
41900,96.1,0.61,-0.76,2.5,26.5,84.1
42000,238.2,0.48,0.24,9.3,323.1,75.7
42100,251.8,-0.72,-0.26,12.2,440.0,82.1
42200,82.5,0.5,0.08,2.0,17.9,81.3
42300,189.7,0.62,-0.1,10.4,221.9,81.2
42400,166.7,0.25,0.8,6.3,123.9,86.4
42500,134.2,-0.54,-0.08,5.4,73.0,78.7
42600,120.9,-0.39,0.01,7.3,70.9,75.5
42700,261.3,-0.57,0.48,13.8,519.6,80.1
42800,230.1,-0.79,-0.48,10.0,317.1,84.2
42900,141.2,-0.45,-0.58,5.8,84.3,82.4
43000,278.6,-0.21,0.18,12.8,557.2,76.1
43100,159.7,-0.62,-0.27,7.0,121.1,79.0
43200,124.3,-0.74,-0.51,6.5,70.2,82.3
43300,146.3,-0.01,0.46,6.7,99.2,79.5
43400,207.8,0.16,0.03,10.0,258.8,76.4
43500,102.1,-0.22,-0.15,6.1,45.4,73.9
43600,79.9,1.07,0.25,4.0,22.1,88.0
43700,171.6,-0.7,0.82,7.9,151.1,89.6
43800,162.5,0.05,1.46,8.4,140.4,102.3
43900,282.4,0.9,-0.61,12.6,567.3,93.4
44000,206.8,-0.37,-0.28,10.4,263.7,77.9
44100,118.1,-1.35,-0.27,4.9,53.9,103.0
44200,256.4,-0.03,0.34,12.9,475.4,75.9
44300,63.6,0.57,0.12,3.7,13.6,82.7
44400,243.8,0.62,0.14,10.1,360.0,78.4
44500,217.3,1.03,-0.69,10.8,298.9,94.4
44600,262.9,0.53,-0.24,12.8,497.1,82.2
44700,64.2,1.12,-0.7,5.0,16.1,100.1
44800,190.6,-0.12,-1.14,9.6,211.4,99.5
44900,216.3,0.22,0.17,8.6,252.5,74.5
45000,196.9,1.05,-0.7,10.3,237.4,95.6
45100,146.3,0.3,0.8,6.5,97.1,87.0
45200,144.7,0.63,-0.36,8.6,112.9,83.0
45300,210.2,0.23,-0.64,11.9,299.8,82.1
45400,236.3,0.71,-0.1,13.4,415.6,83.1
45500,83.5,-0.36,0.56,3.3,22.2,82.6
45600,118.5,-1.22,-0.61,5.9,60.3,102.1
45700,233.5,0.34,0.55,10.8,346.4,80.9
45800,141.7,-0.6,-0.02,6.1,87.8,77.8
45900,183.5,0.61,-0.77,10.4,208.0,90.7
46000,132.7,-0.47,-0.22,6.1,77.0,79.4
46100,200.8,-0.17,-0.08,10.6,252.7,79.2
46200,102.8,0.03,-0.14,5.5,43.6,75.6
46300,265.2,-0.21,-1.01,13.7,531.2,89.0
46400,257.7,-0.39,-0.04,12.0,454.7,75.3
46500,95.3,0.73,0.29,4.7,34.2,80.5
46600,269.8,0.38,0.38,14.7,580.7,78.8
46700,101.1,-0.14,-0.59,3.3,32.6,81.0
46800,202.4,-0.28,0.04,11.3,268.0,73.2
46900,143.6,0.64,-0.1,8.2,108.2,82.8
47000,219.1,-0.12,0.22,8.0,248.4,74.9
47100,128.7,0.93,-0.78,3.5,54.4,92.3
47200,230.1,0.33,-1.11,10.3,324.5,93.1
47300,134.2,1.4,-0.64,4.7,68.1,106.8
47400,239.0,0.39,0.13,10.3,348.6,78.3
47500,271.4,-0.5,-0.35,13.5,550.7,78.1
47600,167.4,-1.93,0.44,8.6,151.9,129.5
47700,156.0,-0.55,0.23,7.8,123.2,81.4
47800,73.6,-0.55,-0.41,3.1,16.7,81.4
47900,278.5,0.2,-0.33,15.1,631.8,78.8
48000,152.4,-0.94,-0.17,8.3,123.3,90.6
48100,95.5,-0.54,1.49,4.4,33.1,108.7
48200,122.5,-0.32,-0.64,4.5,55.5,77.0
48300,262.3,0.02,-0.75,14.0,528.9,80.4
48400,80.6,-0.43,0.42,4.2,23.0,81.3
48500,214.4,-0.92,0.02,10.5,286.0,86.6
48600,179.8,-0.46,-0.06,8.5,173.4,75.0
48700,247.7,0.38,1.05,11.6,409.0,91.8
48800,140.7,0.84,0.02,6.9,92.9,84.1
48900,270.5,0.16,-0.46,12.7,521.7,78.5
49000,201.7,0.63,0.27,10.0,244.5,81.9
49100,122.0,0.58,-0.07,5.6,62.0,81.8
49200,211.9,0.7,-0.42,9.5,259.9,79.3
49300,115.5,0.13,0.03,5.9,56.8,78.2
49400,226.3,0.36,-0.01,10.8,323.6,77.6
49500,194.2,0.48,1.09,9.0,211.2,99.6
49600,241.6,0.12,0.33,11.9,396.4,75.9
49700,178.0,-0.58,-1.18,9.4,181.5,96.0
49800,145.3,-0.38,0.23,7.3,102.6,75.0
49900,268.2,-1.21,-1.0,14.7,574.2,110.3
50000,80.9,1.45,0.04,6.9,30.8,101.7
50100,71.3,0.57,0.13,2.6,14.8,79.5
50200,286.7,0.04,0.34,12.0,561.6,78.1
50300,276.1,1.08,-0.61,13.1,556.9,94.5
50400,94.2,-0.25,0.63,2.4,24.9,77.2
50500,91.6,-0.2,-0.21,4.7,31.6,76.4
50600,62.6,-1.65,0.27,3.0,12.1,116.7
50700,130.7,0.21,-0.2,5.7,71.6,73.8
50800,111.0,-1.24,0.29,7.1,58.8,103.1
50900,86.3,0.13,-0.37,5.7,31.3,80.6
51000,160.2,0.82,0.58,7.5,127.3,89.2
51100,137.3,0.11,0.2,4.5,69.2,74.9
51200,204.8,-0.59,-0.02,7.8,213.3,79.6
51300,265.0,-0.99,0.41,13.9,536.9,89.5
51400,107.1,-0.32,1.03,5.2,45.6,84.8
51500,99.0,-0.49,-0.42,3.5,32.0,80.3
51600,232.9,-0.72,0.71,11.9,368.8,89.3
51700,249.1,0.19,0.22,13.4,461.7,74.5
51800,80.6,-0.92,-0.59,2.5,18.5,93.5
51900,115.5,-0.67,-1.08,7.9,68.1,97.8
52000,249.8,0.44,-0.56,10.3,381.1,81.1
52100,110.8,-0.4,-0.07,6.6,56.0,81.0
52200,81.8,1.01,0.13,4.5,24.6,89.8
52300,112.0,0.88,0.05,5.0,48.7,88.6
52400,139.0,0.78,0.18,5.8,81.7,83.2
52500,88.5,-0.56,-0.16,5.0,30.6,77.9
52600,231.7,0.1,0.09,9.4,307.8,77.9
52700,287.8,-0.0,-0.23,15.0,670.1,72.1
52800,265.6,-0.46,-0.66,11.8,476.7,85.4
52900,261.8,-2.13,0.45,14.2,533.3,138.7
53000,205.3,0.96,0.71,10.1,254.0,94.3
53100,235.9,-0.95,0.0,9.0,310.6,85.8
53200,279.0,-0.72,-0.08,12.9,562.1,84.5
53300,112.1,-0.83,1.18,4.1,44.0,108.8
53400,114.1,0.92,0.75,4.8,49.4,93.5
53500,188.6,-0.13,0.26,10.6,222.2,80.1
53600,184.2,0.97,-0.52,9.1,191.0,91.3
53700,272.3,0.11,-0.66,13.9,566.0,80.3
53800,230.4,-0.4,-0.69,11.9,361.6,86.2
53900,279.0,-0.45,-0.19,13.4,579.0,83.0
54000,174.4,-0.65,0.07,10.3,186.7,83.5
54100,236.4,0.94,0.36,11.0,358.5,91.8
54200,97.0,0.89,-0.88,4.5,34.7,95.1
54300,148.5,0.15,-0.76,6.9,103.4,83.1
54400,103.3,1.5,0.0,5.8,45.3,111.2
54500,269.3,0.67,0.68,11.3,473.7,85.8
54600,108.2,-0.51,-0.72,4.9,45.1,85.4
54700,104.6,-0.01,-0.38,6.1,47.9,79.3
54800,276.7,0.05,0.32,14.2,596.1,72.8
54900,99.4,-1.09,-0.26,3.9,34.1,93.4
55000,158.5,-0.84,-0.16,7.7,126.7,89.9
55100,120.6,0.64,0.61,5.2,58.0,85.2
55200,216.9,1.31,-0.13,10.7,296.4,103.1
55300,93.6,0.1,0.67,5.6,36.2,82.7
55400,131.0,-0.02,-0.98,7.1,82.2,83.3
55500,278.3,0.59,-0.07,15.3,636.8,78.5
55600,132.7,0.26,-0.05,6.7,81.0,78.5
55700,238.0,-0.62,-0.01,11.6,377.7,75.9
55800,221.0,0.26,0.12,8.8,267.5,76.5
55900,176.2,-0.93,-0.69,7.2,150.1,90.8
56000,93.9,0.12,0.66,3.5,28.8,83.4
56100,204.7,0.78,0.27,11.2,273.3,87.1
56200,127.6,0.73,-0.75,5.7,68.0,89.0
56300,83.8,-0.28,0.65,5.6,29.1,78.7
56400,97.5,0.55,0.9,4.4,34.7,90.2
56500,200.8,0.75,1.42,10.0,241.5,108.7
56600,242.8,-0.53,0.56,10.8,373.8,79.8
56700,142.5,-0.4,-0.71,5.3,81.9,84.8
56800,108.2,-0.11,-0.2,5.6,48.4,77.6
56900,272.2,-0.41,-0.68,13.1,540.3,80.1
57000,249.6,-0.43,-0.44,13.0,452.8,79.3
57100,88.2,-0.62,-0.32,3.7,26.0,79.2
57200,178.5,0.76,-0.53,7.5,157.7,85.6
57300,109.5,-1.47,0.73,4.7,45.4,118.4
57400,119.6,0.22,-0.1,5.6,59.2,74.8
57500,242.7,-0.2,-0.7,11.9,399.6,86.1
57600,276.7,-1.33,-0.77,13.3,566.4,107.0
57700,130.8,0.13,-0.46,4.5,63.3,79.9
57800,122.1,-1.09,0.36,7.4,73.0,97.1
57900,234.9,0.2,1.09,12.4,386.3,91.8
58000,125.5,0.11,-0.39,6.5,71.5,74.0
58100,283.9,-0.66,0.43,10.3,494.3,81.2
58200,204.2,-0.12,0.48,9.7,245.8,76.8
58300,143.2,1.38,0.21,6.9,96.6,104.2
58400,191.3,-0.24,0.54,8.7,199.8,80.2
58500,196.3,-1.14,-0.14,6.8,179.1,89.5
58600,281.6,0.46,-0.21,13.8,603.4,77.4
58700,282.4,-0.46,-0.52,12.6,565.5,79.3
58800,176.3,-1.46,-0.13,6.1,134.9,109.2
58900,86.4,-0.31,0.24,4.5,27.6,76.7
59000,185.8,0.2,0.31,7.0,163.1,76.8
59100,76.9,-0.27,-0.16,5.8,24.9,75.7
59200,250.5,-0.35,-0.03,11.7,422.0,75.8
59300,143.7,-1.15,0.03,8.5,111.2,95.0
59400,145.4,-0.44,0.33,7.1,101.5,76.2
59500,114.8,-0.81,0.28,6.0,57.0,84.1
59600,141.7,0.21,0.34,6.7,92.3,78.9
59700,211.0,-0.9,-0.16,10.2,271.6,83.4
59800,278.0,-0.3,0.21,13.8,587.1,79.3
59900,229.3,0.73,0.15,9.7,309.8,84.9
60000,216.8,0.4,0.13,11.0,302.2,78.9
60100,251.0,1.19,0.09,12.2,435.5,95.5
60200,189.7,0.96,-0.11,9.0,200.0,89.7
60300,106.3,-0.88,-0.89,4.9,43.8,94.5
60400,236.6,1.45,-0.46,12.0,382.6,110.5
60500,92.8,0.37,0.7,6.0,37.1,84.9
60600,162.5,-0.89,0.4,6.2,116.3,85.2
60700,199.0,0.06,1.01,11.1,255.0,91.7
60800,157.8,-0.56,-0.16,6.1,108.5,82.0
60900,139.2,-0.4,0.73,8.2,101.7,87.2
61000,115.1,0.28,-0.08,3.8,44.7,78.4
61100,266.6,-1.28,0.25,13.0,515.9,97.9
61200,153.3,0.16,0.49,9.6,137.4,81.4
61300,118.6,-0.26,-0.17,6.0,60.7,78.7
61400,281.1,-0.76,0.39,11.8,535.2,84.3
61500,113.8,-0.81,0.1,4.9,49.9,82.7
61600,116.0,0.54,0.17,3.7,45.2,80.5
61700,70.5,0.78,-0.56,5.0,19.3,88.8
61800,220.3,-0.46,-0.32,9.0,270.1,73.3
61900,253.7,-0.4,-0.07,13.6,482.8,79.4
62000,111.5,-0.13,0.62,3.0,37.8,76.3
62100,66.7,-1.1,0.96,4.3,16.0,99.6
62200,232.9,0.12,0.13,9.9,323.6,72.3
62300,76.8,0.49,-0.11,3.0,18.0,84.4
62400,121.1,-0.62,0.68,5.5,60.5,86.3
62500,248.2,-0.83,-0.09,12.3,429.4,87.0
62600,79.2,-0.78,0.54,2.0,16.5,87.0
62700,110.7,0.08,0.39,4.3,44.2,74.2
62800,167.4,-0.6,-0.78,7.5,138.4,85.2
62900,204.2,1.01,0.67,10.1,252.0,97.0
63000,124.8,-0.48,0.27,4.6,58.1,78.6
63100,90.5,-0.37,0.31,5.6,33.9,80.1
63200,242.3,-1.01,-0.51,13.3,433.8,95.6
63300,271.8,-0.61,-0.35,12.2,511.4,82.7
63400,202.9,0.7,-0.3,7.3,200.4,84.6
63500,252.8,0.35,0.65,13.4,475.2,81.8
63600,101.9,0.24,-1.46,4.2,36.9,103.9
63700,195.0,0.17,-0.17,8.2,199.3,75.4
63800,194.6,-0.72,0.01,9.7,222.0,77.0
63900,213.0,1.13,1.09,8.0,233.6,109.2
64000,71.2,0.23,0.33,2.0,13.4,77.5
64100,77.0,-0.46,0.16,3.6,19.7,76.7
64200,259.7,-1.02,-0.06,13.0,489.6,95.6
64300,235.7,1.35,-1.22,8.6,299.9,122.5
64400,200.2,0.76,1.46,10.9,256.2,112.0
64500,94.0,-0.26,0.2,5.5,36.4,77.3
64600,245.9,-0.6,-0.27,12.0,412.6,76.5
64700,286.2,0.39,-0.75,13.0,595.6,86.3
64800,90.8,0.11,-1.07,2.6,23.7,90.4
64900,278.6,-0.83,0.64,13.8,590.2,91.4
65000,63.7,1.3,0.01,2.5,11.6,99.2
65100,258.8,1.16,-1.05,14.1,518.1,109.3
65200,281.0,-0.28,0.26,15.1,643.6,77.4
65300,273.9,0.42,0.7,12.6,532.3,83.6
65400,183.1,0.35,-0.24,10.6,209.6,78.2
65500,205.9,0.17,-0.35,12.3,295.3,72.6
65600,276.3,-0.78,-0.96,13.2,561.6,97.3
65700,185.8,0.41,-0.92,10.0,207.4,90.1
65800,212.9,-0.63,0.36,9.7,266.8,83.6
65900,111.2,0.07,-0.63,5.4,50.5,80.2
66000,169.0,-0.83,0.76,10.6,179.1,97.5
66100,129.2,0.2,-1.45,6.5,75.3,104.1
66200,196.0,0.28,-0.57,9.8,227.0,79.2
66300,74.5,0.87,0.34,3.6,18.4,89.4
66400,271.9,-0.12,-0.27,11.2,481.2,75.5
66500,153.6,-0.66,0.17,7.5,116.9,80.8
66600,267.3,-0.73,-0.4,8.7,390.1,84.9
66700,233.9,0.31,-1.2,14.4,429.1,96.9
66800,77.0,0.2,-0.6,4.7,22.3,79.4
66900,87.6,-0.53,0.2,5.2,30.5,78.5
67000,263.7,0.06,0.49,11.9,472.0,79.2
67100,78.1,-0.64,-0.1,4.5,22.4,80.0
67200,264.5,0.11,-0.69,13.4,520.9,81.3
67300,109.2,-0.18,-0.81,5.7,50.1,84.8
67400,119.5,-0.73,0.17,5.1,56.3,79.9
67500,100.2,-0.68,0.25,5.2,40.0,78.6
67600,280.9,-0.8,-0.5,14.3,615.2,88.1
67700,115.5,0.43,-0.98,5.5,54.9,89.2
67800,139.4,0.3,0.66,8.8,106.9,81.7
67900,111.6,0.39,-0.38,6.0,53.6,77.3
68000,71.6,1.04,0.84,0.8,10.9,97.0
68100,69.5,0.94,0.65,3.0,14.9,94.4
68200,89.0,-0.34,-0.72,1.3,18.5,88.9
68300,256.6,0.43,-0.16,12.3,459.1,76.8
68400,118.5,-0.57,0.07,4.4,51.0,80.5
68500,278.5,-0.35,-0.11,13.7,587.5,72.8
68600,192.6,-0.04,0.49,8.0,191.0,76.4
68700,166.6,0.66,0.06,9.9,165.9,79.6
68800,169.3,-0.12,0.67,7.7,144.0,80.6
68900,187.5,0.21,-0.24,9.5,203.8,76.5
69000,100.6,0.12,-0.56,4.9,38.8,82.6
69100,258.9,0.01,0.13,12.5,472.3,76.1
69200,112.6,1.39,-0.36,6.3,56.2,108.5
69300,237.7,0.66,0.39,10.9,361.3,80.0
69400,128.5,-0.13,0.52,7.4,80.7,80.2
69500,63.0,1.05,-0.21,3.4,12.8,89.3
69600,108.4,-0.07,0.08,6.5,53.3,72.5
69700,225.1,-1.01,-0.21,9.0,282.0,88.1
69800,260.5,-0.12,0.18,14.4,531.1,78.4
69900,73.2,-0.13,-0.56,2.6,15.6,80.7
70000,279.9,0.69,-0.66,13.5,585.7,90.3
70100,101.3,0.24,0.17,5.8,43.5,79.3
70200,120.5,-0.31,-0.37,5.3,58.4,74.0
70300,210.9,-0.16,-0.08,11.0,286.0,77.7
70400,236.8,0.2,-1.71,12.5,394.8,118.8
70500,134.8,0.07,0.97,6.2,79.7,88.1
70600,284.5,0.62,1.33,13.2,595.8,102.9
70700,124.6,0.56,-0.2,4.9,60.1,75.9
70800,157.6,-0.24,0.25,7.1,119.3,74.8
70900,113.3,-0.3,0.33,6.2,56.8,81.3
71000,210.9,-0.9,0.0,9.8,262.3,83.4
71100,262.3,-0.21,-1.0,14.5,544.0,91.7
71200,182.7,-0.45,-0.63,9.6,194.4,86.6
71300,69.6,0.04,0.26,3.9,16.7,73.9
71400,209.9,-0.19,0.62,10.5,274.2,82.7
71500,248.7,-0.73,0.41,13.3,456.6,84.2
71600,185.0,-0.74,-0.83,8.8,188.4,87.7
71700,213.4,-1.2,0.3,8.5,245.2,98.8
71800,172.6,0.34,0.29,7.3,144.7,75.9
71900,134.8,1.17,-0.45,6.5,82.6,95.0
72000,202.3,1.63,0.38,10.8,260.0,110.1
72100,259.9,-0.99,0.22,12.4,472.6,88.5
72200,232.4,-1.13,-0.76,11.1,348.9,101.6
72300,151.8,0.76,-0.16,7.3,112.0,79.0
72400,241.4,0.28,0.3,12.6,412.8,79.3
72500,248.6,-0.37,-0.15,10.8,390.4,76.7
72600,198.9,0.71,-0.62,8.8,218.2,91.5
72700,122.4,1.49,-0.4,6.6,68.6,106.6
72800,110.8,-0.12,0.55,7.3,59.9,81.2
72900,99.3,0.81,-1.11,3.8,33.5,103.5
73000,200.7,0.35,0.96,8.6,218.8,85.5
73100,198.5,-0.1,-0.14,7.6,195.9,76.5
73200,239.3,-0.59,-0.11,15.0,463.6,80.1
73300,264.9,-0.75,0.68,14.0,539.1,89.2
73400,267.1,0.75,-0.34,13.6,535.6,84.4
73500,129.2,0.19,-0.05,6.3,74.4,75.3
73600,210.5,0.79,0.71,9.7,261.1,92.2
73700,166.8,-0.62,0.73,5.3,112.1,83.5
73800,238.1,1.13,-0.28,10.6,353.8,94.9
73900,212.4,-0.3,-0.1,10.9,287.8,75.0
74000,256.0,-0.49,1.39,13.9,500.3,102.1
74100,188.6,0.82,-0.68,6.4,159.5,89.7
74200,69.5,-0.15,0.05,2.8,14.4,71.4
74300,154.9,-0.09,-0.77,6.2,105.2,84.8
74400,196.6,0.44,-0.69,9.0,215.1,87.5
74500,78.3,0.05,0.2,5.3,24.6,75.2
74600,147.8,-0.07,0.07,9.8,128.9,73.4
74700,96.8,0.46,-0.62,3.7,31.5,84.9
74800,129.6,-0.06,0.92,6.0,72.3,87.2
74900,214.5,0.38,0.36,12.2,318.5,82.3
75000,87.7,-0.18,0.19,3.9,26.5,79.5
75100,210.5,-0.4,-0.37,9.4,254.8,78.5
75200,185.1,0.44,0.1,9.5,197.8,77.9
75300,65.5,-0.08,0.05,2.2,11.7,71.0
75400,78.0,-0.44,-0.11,3.5,19.8,82.8
75500,196.9,-0.61,0.91,11.2,252.2,94.1
75600,257.1,1.36,-0.35,13.1,481.7,102.5
75700,181.5,0.04,-0.35,8.6,179.0,73.2
75800,200.6,0.98,-0.58,9.2,228.6,92.4
75900,252.2,-0.23,-0.76,11.8,428.4,79.9
76000,119.7,-0.28,0.34,4.2,51.3,79.4
76100,223.0,0.79,-0.36,11.1,320.9,89.0
76200,63.8,-0.72,0.22,2.3,11.2,86.6
76300,100.2,1.08,-1.02,6.2,44.2,108.2
76400,75.5,-0.05,-0.51,5.0,22.2,83.3
76500,133.3,-0.33,-0.62,6.1,77.5,80.1
76600,229.4,-0.49,0.23,11.9,357.2,78.4
76700,257.4,-0.11,-0.4,12.3,460.4,75.5
76800,91.3,-0.89,0.1,3.0,25.5,84.1
76900,76.8,-0.69,0.58,4.1,20.8,85.3
77000,265.2,0.27,-0.17,12.1,485.3,80.6
77100,87.1,0.36,-0.21,4.8,28.9,79.1
77200,76.5,2.13,0.43,2.9,17.6,140.7
77300,73.4,0.48,0.16,3.3,17.1,80.1
77400,201.3,-1.09,-0.46,11.3,265.5,94.9
77500,205.7,0.01,0.39,8.4,225.0,78.3
77600,262.5,-0.45,0.62,10.7,435.0,83.0
77700,269.1,-1.2,1.22,13.8,551.1,116.8
77800,69.4,0.68,0.74,1.1,10.9,87.7
77900,242.3,-0.08,-0.71,10.8,370.8,84.7
78000,75.6,-0.05,0.82,2.8,17.0,90.3
78100,102.7,0.06,-0.63,4.9,40.8,74.1
78200,125.8,0.06,1.21,4.5,58.7,95.4
78300,82.4,0.59,0.45,3.9,23.4,83.1
78400,188.3,-0.86,0.19,10.0,213.3,87.1
78500,81.7,-1.0,-1.0,4.2,23.8,102.4
78600,286.5,0.0,-1.74,13.9,628.5,111.6
78700,233.8,-0.45,0.7,11.8,369.6,82.3
78800,140.9,-0.26,0.27,5.8,83.9,76.4
78900,262.3,0.71,-0.8,12.6,487.4,89.9
79000,232.0,0.05,-0.43,9.8,319.0,79.3
79100,243.8,-1.13,-1.21,12.4,416.6,113.4
79200,80.4,-0.4,0.04,1.4,15.3,73.0
79300,171.8,0.76,0.03,8.5,158.2,86.9
79400,108.7,-0.21,0.94,5.8,50.1,87.7
79500,248.5,0.79,0.05,11.6,411.2,82.7
79600,121.3,-0.64,-0.32,7.0,70.0,82.8
79700,180.4,0.15,-0.05,9.2,184.3,75.9
79800,121.5,0.7,0.18,4.7,55.9,86.3
79900,144.3,0.35,-0.2,6.6,95.1,76.0
80000,269.5,-0.67,0.29,13.7,548.9,80.8
80100,251.5,1.75,-0.29,12.6,448.4,120.4
80200,187.8,0.31,-0.42,8.5,189.8,77.1
80300,283.5,-1.07,-0.48,13.7,607.4,89.0
80400,230.0,-0.2,0.52,11.2,344.6,82.2
80500,178.0,-0.72,-0.16,8.1,165.3,84.5
80600,252.8,-0.49,0.22,14.8,511.4,77.4
80700,214.1,0.16,-0.71,9.4,262.5,82.4
80800,263.6,-0.4,-0.27,11.8,469.5,76.3
80900,129.3,-0.46,-0.49,6.8,77.9,81.8
81000,64.4,-0.74,-0.4,2.1,11.1,84.2
81100,69.2,-0.36,-0.21,2.9,14.4,77.2
81200,273.9,0.24,0.41,14.8,600.8,78.3
81300,230.4,-0.66,0.25,11.7,355.4,81.8
81400,126.2,-0.45,-0.25,6.4,71.2,76.1
81500,169.4,0.24,-1.14,9.2,162.3,91.9
81600,240.1,-0.3,-1.19,12.7,411.7,92.5
81700,239.5,-0.52,-0.69,11.5,380.0,86.8
81800,233.6,-0.36,-0.5,10.7,344.1,79.5
81900,166.4,-0.16,0.44,7.1,132.9,81.9
82000,98.1,0.03,0.85,3.6,31.9,86.0
82100,62.6,-0.61,-1.05,0.9,8.5,96.1
82200,171.8,0.67,0.89,8.4,157.2,88.8
82300,173.7,0.06,0.27,9.4,174.0,74.2
82400,207.7,0.69,0.36,10.5,267.9,82.5
82500,105.8,-0.49,-0.39,8.2,58.9,81.6
82600,228.7,-0.26,-0.85,11.6,350.1,86.8
82700,173.5,-0.15,-0.12,8.2,157.7,73.9
82800,267.9,-0.03,-0.92,13.2,527.8,87.3
82900,148.4,-0.34,-0.19,6.8,102.2,79.5
83000,163.6,0.1,-0.67,9.3,152.9,78.3
83100,132.8,-0.02,0.39,5.6,73.2,78.2
83200,255.8,0.43,0.71,13.5,488.0,85.9
83300,137.4,0.66,-0.66,5.6,78.5,82.3
83400,233.5,-1.02,0.3,11.9,370.5,93.2
83500,87.9,0.17,0.96,2.1,20.9,86.1
83600,237.5,0.89,1.05,12.8,405.7,99.2
83700,245.5,-0.64,0.35,12.9,435.4,77.4
83800,216.0,0.17,0.78,11.5,308.9,84.8
83900,272.7,-0.86,0.0,12.8,533.9,87.8
84000,258.0,-0.9,0.58,12.7,474.1,92.0
84100,105.4,-0.14,-0.68,4.7,42.0,82.4
84200,147.2,0.22,0.08,6.3,96.1,78.0
84300,260.9,-1.02,0.13,14.8,545.1,93.2
84400,115.4,-0.02,0.01,4.3,47.8,74.5
84500,140.5,0.23,-0.29,4.6,73.9,76.0
84600,263.5,0.33,0.3,12.6,493.1,76.2
84700,178.1,-0.27,-0.84,9.4,182.8,83.9
84800,106.8,-0.58,-0.26,6.4,51.0,81.9
84900,204.6,0.31,0.9,7.5,207.8,86.7
85000,159.4,-0.02,-0.19,8.0,130.9,74.9
85100,140.8,0.89,0.36,5.0,77.0,86.3
85200,239.9,0.04,-0.79,11.9,391.4,83.3
85300,192.4,-0.11,0.32,10.1,224.1,77.1
85400,73.4,0.84,-0.46,4.3,19.4,90.8
85500,81.6,-1.07,-0.53,5.4,27.1,94.9
85600,213.5,-0.72,-0.03,11.0,292.6,83.6
85700,154.5,0.48,0.25,7.7,120.2,80.0
85800,289.1,-0.29,-0.28,18.0,782.3,79.4
85900,227.9,0.35,0.23,12.2,359.3,72.8
86000,209.8,-0.42,-0.13,10.5,273.3,77.8
86100,89.3,-1.77,-0.66,4.5,29.4,125.0
86200,77.3,0.25,0.2,3.9,20.7,78.6
86300,106.7,-0.29,0.29,5.0,44.6,72.7
86400,135.7,1.0,0.62,4.6,69.0,95.7
86500,247.6,-0.73,0.3,12.6,435.0,87.1
86600,244.5,-0.01,-0.63,11.1,386.5,80.0
86700,229.5,-1.28,0.06,11.2,342.2,97.3
86800,100.4,0.14,-0.87,5.8,42.6,86.1
86900,94.6,1.0,-1.19,3.6,29.8,112.2
87000,271.6,-1.34,-0.34,12.1,508.6,99.2
87100,107.3,-0.14,0.87,3.3,36.9,84.7
87200,153.1,-1.34,0.23,9.1,132.3,101.5
87300,94.4,0.22,-0.05,5.4,36.1,80.0
87400,145.8,-0.82,0.42,6.5,95.9,86.6
87500,220.2,-0.21,-0.42,10.0,290.2,82.2
87600,101.8,0.65,0.26,3.8,35.3,78.4
87700,110.1,0.5,-0.28,2.4,34.1,76.6
87800,256.3,0.92,-0.56,12.1,451.6,96.0
87900,65.8,0.64,-0.35,3.8,14.7,82.8
88000,215.9,0.21,-1.08,10.5,289.2,93.9
88100,187.5,-1.25,-0.37,10.6,219.7,98.6
88200,84.8,0.65,0.56,4.7,27.0,83.7
88300,289.0,-0.62,1.32,12.6,592.3,106.3
88400,270.6,-0.55,0.05,14.5,577.0,76.2
88500,118.4,0.56,0.63,6.3,62.1,85.6
88600,222.2,0.04,-0.18,10.1,297.4,79.7
88700,186.7,-0.07,-1.0,9.7,204.9,86.6
88800,108.4,-0.46,0.19,5.4,48.0,77.8
88900,95.7,-0.05,-0.46,5.8,38.7,75.6
89000,206.4,-0.06,0.7,10.4,262.0,81.2
89100,149.7,-0.69,0.16,9.6,130.3,79.4
89200,224.8,0.98,0.17,11.3,331.5,92.4
89300,282.7,0.4,1.02,11.6,532.6,90.5
89400,273.1,-0.22,-0.29,13.3,550.8,75.4
89500,83.9,-0.9,-0.82,5.7,29.5,94.3
89600,285.6,-0.06,-1.02,15.6,681.5,92.3
89700,266.8,0.36,-0.02,13.6,533.9,75.5
89800,145.7,-0.25,-0.09,6.8,99.2,74.9
89900,147.5,-0.45,-0.74,4.9,84.3,84.0
90000,127.6,-0.43,0.02,5.4,66.5,79.3
90100,122.6,0.51,0.47,6.4,67.4,80.7
90200,268.5,-0.31,0.29,13.7,544.3,77.4
90300,175.1,1.0,-0.41,6.5,138.8,97.3
90400,165.4,0.92,0.35,7.9,140.1,91.3
90500,207.0,0.71,-0.36,9.4,245.8,82.8
90600,174.9,0.37,-0.12,8.1,159.8,75.4
90700,145.8,0.4,0.52,8.1,110.4,80.5
90800,159.7,-0.98,0.09,8.0,131.6,90.3
90900,168.3,-0.63,0.58,8.1,147.3,85.6
91000,178.5,0.53,0.35,7.8,161.6,83.4
91100,139.8,0.58,0.06,5.9,83.4,80.3
91200,61.6,0.73,0.91,1.5,9.1,92.4
91300,213.3,-0.27,-0.34,8.2,239.1,77.1
91400,112.1,-0.65,0.3,6.0,54.4,84.0
91500,142.8,-0.5,-0.33,6.0,87.7,82.5
91600,150.5,-0.06,-0.54,9.7,132.9,75.4
91700,128.2,1.06,-0.12,6.7,75.6,87.3
91800,91.1,0.3,-0.85,4.6,30.9,85.4
91900,233.6,-0.47,-0.84,9.4,314.2,90.1
92000,283.5,0.88,0.55,14.6,638.9,90.1
92100,128.2,0.67,-0.46,6.7,76.0,83.2
92200,159.2,0.43,-0.08,8.1,131.8,77.2
92300,282.7,0.33,0.05,14.8,639.7,77.2
92400,75.0,-0.26,0.56,4.7,21.3,76.5
92500,237.6,-0.08,-0.59,10.2,343.6,82.7
92600,247.6,-0.37,-0.13,12.6,435.1,76.1
92700,267.1,0.62,0.17,14.3,556.0,82.3
92800,106.1,0.17,0.28,7.4,55.4,76.2
92900,260.0,0.2,0.44,13.0,491.3,82.3
93000,257.0,-0.29,-0.79,12.6,468.8,84.1
93100,63.1,-0.06,0.39,4.0,13.8,77.4
93200,141.4,-0.44,0.52,4.9,77.0,76.5
93300,215.7,-0.06,0.46,9.9,276.5,77.5
93400,224.2,-0.26,-0.19,12.6,355.9,78.5
93500,164.4,-0.02,-0.57,8.1,140.4,77.3
93600,175.7,-0.1,-0.05,11.0,198.3,78.7
93700,121.8,-0.37,0.01,4.8,56.3,78.8
93800,215.2,0.17,-0.8,9.5,268.1,81.0
93900,191.8,-0.02,0.54,9.0,205.1,78.8
94000,167.5,-0.42,-0.09,9.9,166.7,77.2
94100,217.0,0.03,-0.46,9.4,271.5,79.6
94200,204.4,-0.27,0.73,9.4,239.8,86.0
94300,248.1,-0.99,-0.85,12.9,445.1,101.3
94400,236.1,-0.71,0.49,11.2,361.5,86.1
94500,107.0,-0.1,-0.32,6.6,52.2,78.6
94600,217.7,-0.34,-0.2,12.0,324.6,78.5
94700,77.8,-1.01,0.58,6.5,27.4,85.7
94800,224.2,-0.72,-0.79,12.2,347.5,89.4
94900,222.8,-0.75,-0.71,11.2,323.5,89.8
95000,72.1,0.97,0.21,3.6,17.2,91.8
95100,114.6,0.87,-0.46,5.0,51.1,85.1
95200,145.9,1.09,-0.25,5.1,83.6,95.2
95300,268.0,0.29,-0.49,13.2,526.8,83.1
95400,83.4,-0.72,0.24,0.4,13.7,85.8
95500,225.6,0.78,-0.17,11.0,327.7,85.7
95600,63.7,0.25,-0.12,4.2,14.5,74.8
95700,192.2,-0.57,0.17,10.5,229.8,76.7
95800,252.6,0.74,0.7,12.6,453.5,90.3
95900,264.0,0.74,0.08,11.7,468.3,82.6
96000,286.1,-0.2,-0.89,13.0,595.8,86.9
96100,244.2,0.54,0.15,12.8,428.0,74.0
96200,198.6,0.91,-0.02,11.9,268.7,86.7
96300,76.7,0.91,-0.8,3.9,20.2,98.2
96400,185.5,0.02,-0.17,9.4,197.8,74.2
96500,101.7,0.19,-0.45,3.9,35.6,79.8
96600,221.7,0.36,-0.41,11.6,327.3,81.4
96700,272.8,0.1,-0.89,11.7,499.5,88.4
96800,103.7,-0.61,-0.09,5.3,43.5,77.8
96900,117.4,0.15,0.7,3.9,47.2,79.8
97000,85.2,0.86,0.88,2.5,20.7,98.4
97100,186.6,-0.33,-0.15,8.1,181.8,79.5
97200,117.5,-0.29,0.03,3.8,46.7,76.6
97300,97.2,-0.12,0.27,6.1,41.1,75.0
97400,200.8,-0.32,0.84,9.1,227.5,85.3
97500,274.4,-0.13,0.27,13.8,572.6,77.6
97600,256.7,0.42,-0.2,14.3,514.2,76.8
97700,73.7,0.51,-0.36,4.6,20.4,80.5
97800,164.6,0.47,-0.15,6.9,127.7,74.3
97900,267.1,0.38,-0.03,12.7,509.2,78.1
98000,287.0,0.05,1.03,15.5,686.1,87.8
98100,216.2,-0.16,0.4,12.9,336.7,77.9
98200,255.1,0.41,-0.08,13.8,493.6,76.4
98300,255.9,0.15,-0.85,10.8,414.6,87.1
98400,286.2,-0.3,0.02,14.5,645.4,75.9
98500,100.0,0.95,0.41,4.5,37.1,88.4
98600,223.0,-0.7,-0.12,7.9,253.8,81.3
98700,73.8,1.08,-0.4,4.0,19.0,94.2
98800,173.9,-0.13,1.16,11.9,206.0,95.8
98900,105.0,0.32,0.36,7.3,53.6,75.3
99000,141.9,0.72,-0.4,6.7,93.1,82.5
99100,89.5,0.42,-0.21,5.3,32.4,76.7
99200,64.2,-0.97,-0.37,2.3,11.5,90.2
99300,244.3,-0.14,-0.44,10.8,379.0,79.1
99400,192.6,-1.31,-0.02,9.1,208.7,97.8
99500,222.2,-0.19,-1.18,10.2,300.4,96.6
99600,211.5,0.72,-0.33,9.7,263.8,81.5
99700,151.7,-0.72,1.03,7.6,114.5,97.3
99800,207.7,-0.78,-0.6,9.0,239.9,87.0
99900,195.3,0.03,-0.02,10.6,238.4,71.9
100000,288.7,0.44,-0.07,14.7,665.4,77.0
100100,160.6,-0.84,-0.46,7.4,127.1,88.1
100200,202.3,0.19,0.3,11.1,264.9,77.1
100300,62.6,-0.09,-0.37,5.2,15.6,78.2
100400,261.0,-0.39,-0.32,12.7,485.7,79.1
100500,263.1,-0.46,0.26,12.5,488.7,78.6
100600,269.6,0.54,0.2,14.5,573.5,82.6
100700,117.9,-0.21,1.07,7.7,70.0,90.4
100800,250.8,-0.88,-0.09,10.4,386.7,86.3
100900,197.7,0.92,-0.82,10.6,244.0,96.3
101000,137.0,-1.42,0.61,7.5,92.6,108.2
101100,75.1,-0.38,0.19,2.4,15.8,83.1
101200,91.5,0.02,0.06,4.9,32.4,78.0
101300,141.1,0.01,0.16,6.1,86.9,75.3
101400,205.2,-1.03,0.39,11.5,279.0,98.3
101500,205.6,0.04,0.12,8.9,233.7,76.8
101600,244.8,0.81,0.79,11.9,407.2,93.5
101700,94.6,1.09,0.4,4.7,33.6,90.6
101800,100.4,0.82,-0.32,3.9,34.8,86.1
101900,205.0,-0.6,-0.02,9.6,244.4,84.7
102000,102.3,0.94,-0.06,5.1,41.3,83.9
102100,245.2,0.12,0.94,12.4,420.4,86.2
102200,274.7,1.33,-0.27,13.7,569.3,102.8
102300,146.6,0.74,-1.0,8.1,111.4,99.9
102400,184.4,0.23,-0.71,10.2,206.7,83.1
102500,145.3,-0.53,-0.42,7.9,107.9,84.4
102600,111.2,-0.42,-0.71,3.3,39.3,87.1
102700,137.1,-0.85,-0.1,6.3,83.4,81.1
102800,196.7,0.32,1.29,10.3,237.5,99.9
102900,92.1,0.59,-0.55,5.0,33.1,87.8
103000,180.9,-0.25,-0.12,9.5,189.4,75.1
103100,150.6,0.13,-0.54,6.0,98.4,78.3
103200,191.8,1.14,0.79,9.1,207.3,100.5
103300,206.2,-0.48,0.22,8.7,231.9,78.6
103400,141.9,-0.68,-0.25,7.4,99.0,77.6
103500,244.4,-0.65,0.09,11.4,394.5,83.2
103600,127.0,0.6,-0.32,6.8,75.4,81.9
103700,176.6,0.32,-0.06,9.1,174.8,75.8
103800,189.0,0.47,0.0,9.3,203.7,78.2
103900,275.4,1.23,1.24,13.2,557.1,119.5
104000,159.3,0.08,0.66,9.3,145.0,84.6
104100,279.7,0.12,-0.22,14.0,602.1,79.0
104200,67.8,0.39,0.09,3.5,15.0,78.2
104300,88.0,0.08,0.63,2.9,23.4,84.0
104400,196.0,-0.41,-0.36,8.8,211.3,79.3
104500,140.4,-0.26,-0.18,7.0,93.3,78.8
104600,141.0,0.4,0.57,6.2,87.7,78.2
104700,91.7,0.09,0.38,5.4,34.4,74.3
104800,98.7,0.8,-0.47,6.3,43.5,88.3
104900,281.2,-0.51,-0.32,14.8,632.6,82.2
105000,82.7,-0.85,-0.84,3.9,23.6,98.1
105100,85.7,-0.09,-0.04,3.2,23.0,79.1
105200,163.9,-0.17,0.7,9.1,150.8,81.1
105300,61.4,-0.16,0.37,3.8,12.8,83.5
105400,177.6,0.81,-0.3,8.0,162.5,90.7
105500,191.7,-0.75,-0.02,10.0,219.8,77.7
105600,244.9,-0.2,0.27,11.7,401.9,75.6
105700,261.9,0.62,0.24,13.8,520.4,82.4
105800,198.4,1.15,-0.34,9.9,234.2,93.5
105900,281.4,0.63,-0.57,13.3,584.1,83.7
106000,176.4,-0.19,1.16,9.6,181.0,92.8
106100,249.4,-1.17,0.91,12.2,431.3,103.6
106200,232.7,0.9,0.68,12.2,375.7,91.7
106300,62.2,0.77,-0.39,2.7,11.4,82.2
106400,184.4,0.5,-0.31,8.6,184.3,76.9
106500,105.2,-0.79,-0.28,5.5,45.3,85.4
106600,139.9,0.43,0.12,8.1,101.5,81.1
106700,202.1,-0.14,-0.47,8.6,221.5,75.9
106800,136.8,1.17,0.53,8.6,101.2,95.7
106900,162.5,0.05,0.03,7.4,129.9,77.5
107000,155.4,-0.4,-0.03,6.9,113.8,77.1
107100,104.1,-0.0,0.28,6.0,46.6,69.1
107200,235.8,0.44,-0.11,11.0,357.7,78.3
107300,205.3,0.74,0.13,10.0,252.5,85.1
107400,128.7,0.63,0.41,5.9,70.5,86.1
107500,225.4,-0.67,-0.19,12.3,353.4,77.7
107600,104.9,-0.81,-1.25,5.4,45.0,111.4
107700,67.6,0.76,0.0,2.7,13.4,78.9
107800,166.8,0.3,0.13,8.7,151.2,74.6
107900,165.5,-0.25,-0.15,8.7,149.4,77.5
108000,113.9,1.03,-0.79,5.4,52.8,99.4
108100,179.4,0.56,0.09,7.6,160.5,76.4
108200,186.7,0.28,-0.31,9.5,202.4,76.0
108300,180.9,0.01,-0.04,9.6,191.1,67.7
108400,201.4,-0.67,-0.25,9.9,241.1,82.0
108500,128.1,-0.67,0.83,6.1,71.7,89.8
108600,274.7,0.53,-0.52,12.3,526.1,83.0
108700,106.1,-0.91,0.9,3.1,34.9,100.0
108800,250.6,-1.15,0.18,12.4,440.9,98.0
108900,176.0,0.69,0.04,8.0,159.4,83.3
109000,217.5,-0.28,0.36,10.1,285.9,74.9
109100,132.3,0.46,-0.15,9.2,99.3,78.4
109200,125.2,-0.35,-0.27,6.2,68.8,76.4
109300,134.2,-0.81,0.01,6.3,79.8,83.6
109400,220.1,-0.89,-0.02,10.4,298.3,91.4
109500,85.3,0.79,-1.49,3.3,23.3,114.6
109600,277.9,-0.18,-0.13,14.3,604.4,75.6
109700,160.5,-0.29,-1.14,6.2,113.1,95.6
109800,87.8,1.68,-0.09,2.8,23.0,112.5
109900,159.5,0.03,-0.5,7.4,125.0,81.6
110000,66.5,-0.18,0.81,3.6,14.7,87.8
110100,269.0,0.1,-0.75,13.6,544.1,84.1
110200,213.0,-0.64,0.23,8.8,249.7,85.3
110300,269.9,0.06,0.26,13.0,529.2,76.1
110400,254.4,0.64,0.05,10.5,401.4,81.7
110500,92.6,0.38,1.22,5.0,33.4,100.0
110600,289.3,0.24,0.7,14.9,673.3,83.3
110700,100.4,1.12,-0.35,2.5,28.7,95.0
110800,120.9,-0.91,0.4,5.3,59.1,86.7
110900,104.1,-0.78,-0.34,3.9,37.1,82.3
111000,120.7,-0.58,0.84,5.7,60.9,89.8
111100,130.0,0.91,0.56,4.5,62.7,88.4
111200,284.3,1.31,-0.24,12.7,578.1,100.0
111300,285.2,-0.07,0.14,13.8,618.2,73.5
111400,65.7,0.46,-1.58,2.6,12.5,118.9
111500,146.1,-0.05,0.2,8.2,111.9,77.2
111600,98.7,0.86,0.54,4.9,37.5,89.9
111700,70.4,0.0,-0.27,2.9,14.9,76.4
111800,90.0,0.1,-0.91,2.0,21.3,87.4
111900,257.9,1.11,-0.33,11.4,439.1,93.3
112000,230.9,1.29,-0.83,11.1,345.3,105.5
112100,241.4,-0.19,1.07,11.1,377.1,91.8
112200,140.7,-0.82,-1.15,8.3,104.8,103.3
112300,136.0,-0.24,0.88,5.6,76.8,89.0
112400,148.4,1.21,-0.65,8.4,117.4,100.6
112500,69.4,0.18,-0.03,3.3,15.3,74.7
112600,144.4,-0.53,0.34,5.8,88.7,82.7
112700,207.9,-0.3,0.1,10.9,275.4,75.2
112800,253.6,1.02,-1.08,13.2,473.6,107.3
112900,65.0,0.75,-0.52,2.1,11.4,88.0
113000,228.4,-1.34,-1.28,11.7,349.7,123.2
113100,234.5,-0.48,0.94,9.5,317.5,92.6
113200,137.8,0.09,-0.1,7.5,94.1,79.0
113300,193.1,-0.04,-0.08,8.6,202.5,74.9
113400,270.9,0.65,-0.8,12.9,528.7,84.1
113500,276.5,0.55,1.18,14.5,603.7,99.3
113600,83.9,0.43,0.46,2.2,19.1,80.2
113700,61.0,-0.35,0.24,2.3,10.3,81.4
113800,70.0,-0.23,0.14,4.2,17.5,70.1
113900,94.7,0.17,-0.26,6.4,40.3,71.7
114000,289.1,-0.28,-0.32,15.3,687.6,81.6
114100,227.1,-0.17,0.49,9.9,306.4,81.4
114200,174.2,0.0,1.03,9.8,179.3,89.8
114300,70.7,-1.66,-0.32,1.7,12.6,113.4
114400,179.2,-0.51,1.05,10.8,203.9,95.1
114500,160.4,0.99,-0.16,7.6,128.3,90.5
114600,103.5,1.3,0.72,5.7,45.1,108.6
114700,70.7,-0.49,-0.97,3.7,16.8,91.2
114800,75.9,0.92,-0.33,3.2,18.1,88.6
114900,190.5,0.28,-0.77,9.3,207.7,86.7
115000,274.0,-0.34,0.95,11.2,488.6,90.3
115100,277.6,-0.87,-0.48,13.3,567.9,88.3
115200,75.3,0.35,-0.97,2.0,15.0,89.8
115300,117.5,-1.34,-0.09,5.7,57.8,100.8
115400,275.9,-0.57,0.21,14.6,603.0,83.1
115500,263.8,-0.67,-1.19,14.4,547.4,100.5
115600,110.1,0.22,0.26,5.3,48.6,77.0
115700,110.1,0.18,-0.03,3.9,41.8,74.9
115800,159.0,0.15,0.75,7.5,124.7,86.3
115900,197.4,0.05,0.05,10.1,236.2,74.8
116000,79.3,-0.53,-0.67,2.8,18.7,87.5
116100,228.3,0.23,-0.7,11.1,336.0,83.2
116200,171.6,-0.88,-0.69,9.7,172.4,91.7
116300,135.1,-0.3,-0.04,8.0,94.4,76.8
116400,148.8,0.46,-0.57,8.2,116.0,81.2
116500,229.9,-0.62,0.0,9.6,308.9,80.4
116600,172.3,-0.98,-0.41,7.5,147.3,91.7
116700,125.9,0.36,-0.85,6.0,68.7,81.9
116800,231.5,-0.05,0.29,11.1,346.9,76.2
116900,80.8,-0.47,0.69,5.0,25.4,81.6
117000,123.2,0.11,-0.38,6.2,66.8,75.5
117100,63.1,1.5,-0.28,3.3,12.7,111.1
117200,144.0,-0.84,0.14,7.0,98.5,83.4
117300,69.0,-0.47,-0.03,3.8,16.3,74.0
117400,81.3,1.79,0.51,1.4,15.9,121.8
117500,253.8,0.06,1.61,12.5,455.1,107.3
117600,182.6,-0.21,0.57,6.8,154.9,80.2
117700,226.7,0.2,0.22,11.2,334.4,70.7
117800,83.0,0.5,0.19,5.5,28.2,82.7
117900,272.1,0.08,1.07,14.4,580.6,94.7
118000,219.5,-0.8,0.55,9.3,275.4,86.5
118100,102.0,-0.83,-0.44,4.3,37.7,86.2
118200,201.9,-0.53,0.26,8.8,224.9,82.0
118300,218.8,-0.62,-0.39,12.4,334.8,82.0
118400,237.0,-0.01,0.22,12.2,388.0,76.1
118500,65.0,0.28,0.48,3.2,13.3,80.9
118600,102.4,0.63,-1.26,5.6,43.6,95.7
118700,92.1,-0.06,0.59,4.0,29.5,80.3
118800,272.8,0.99,0.54,12.6,527.1,93.0
118900,144.5,-0.63,-0.17,8.3,110.4,81.1
119000,151.4,-0.49,-0.09,5.7,96.3,82.3
119100,132.6,-0.13,0.4,6.7,80.8,77.6
119200,173.0,-0.5,0.93,8.4,159.5,88.0
119300,190.0,0.12,1.08,8.2,189.3,90.0
119400,174.5,-0.96,-0.62,10.1,183.4,94.1
119500,235.7,1.23,0.43,11.6,370.0,96.3
119600,127.3,-0.31,-1.29,7.7,81.9,99.8
119700,181.4,-0.37,-1.01,9.0,184.2,92.1
119800,252.0,0.9,0.57,11.4,419.7,94.9
119900,175.8,0.28,0.73,8.6,166.8,85.2
120000,166.7,0.06,-0.9,6.7,127.9,83.0
120100,86.2,0.32,-0.24,2.9,22.3,79.0
120200,127.8,-0.12,0.47,5.1,64.5,83.1
120300,128.0,-0.63,0.04,5.5,67.2,76.9
120400,113.5,0.5,0.3,6.4,57.5,82.7
120500,280.1,0.43,0.11,12.9,567.4,80.2
120600,126.0,-0.3,0.51,3.8,54.0,79.4
120700,83.5,0.99,1.2,5.9,29.8,106.9
120800,194.9,-0.28,-0.52,8.9,210.4,78.1
120900,162.6,-0.75,-1.13,8.6,143.4,102.9
121000,84.8,-0.38,-0.3,4.2,25.5,78.9
121100,114.3,-1.1,0.35,5.7,54.5,97.5
121200,272.7,-0.62,0.6,12.6,527.1,83.6
121300,223.7,0.47,0.06,10.6,312.1,79.0
121400,129.3,-1.21,0.64,4.1,58.9,102.2
121500,214.5,-0.38,-0.25,9.0,255.9,79.2
121600,86.1,0.19,0.37,3.7,24.9,74.9
121700,106.2,-0.75,-0.15,4.6,41.9,81.5
121800,264.8,-0.51,0.15,11.5,464.4,76.3
121900,100.0,0.6,-0.69,4.2,35.5,85.5
122000,219.6,-0.33,0.42,10.9,307.2,81.0
122100,280.4,0.97,-0.3,11.3,516.3,86.4
122200,114.8,-0.5,-0.24,5.9,56.4,82.9
122300,103.2,0.39,0.61,5.8,45.2,76.2
122400,269.5,0.41,0.07,10.1,438.7,74.7
122500,258.3,0.39,-0.28,14.1,515.8,76.8
122600,66.0,0.08,0.24,1.5,10.6,72.0
122700,133.5,0.02,1.0,7.6,89.2,87.9
122800,237.7,-1.97,0.47,12.2,390.9,130.4
122900,139.2,1.01,0.72,9.3,110.6,99.3
123000,87.3,0.07,0.26,3.3,24.4,71.9
123100,270.3,0.43,0.17,13.8,554.1,76.5
123200,133.6,-0.31,0.43,4.4,65.3,75.7
123300,68.2,1.12,-0.27,3.4,15.0,92.5
123400,183.4,0.69,-0.92,9.8,198.5,93.2
123500,90.0,-0.42,0.62,6.7,37.2,89.9
123600,114.0,-0.08,0.28,5.1,51.1,73.7
123700,215.9,-1.12,-0.33,8.9,257.6,93.6
123800,107.6,-0.01,-0.57,5.6,48.2,82.1
123900,225.8,-0.05,-0.17,12.2,352.4,77.9
124000,122.0,-0.18,-0.88,2.6,42.9,83.4
124100,198.6,-0.75,0.41,7.7,198.5,82.1
124200,92.1,-0.76,-0.21,8.1,44.0,82.4
124300,254.1,0.24,0.39,12.2,447.3,78.7
124400,91.5,0.71,0.43,3.0,25.5,84.2
124500,253.0,0.45,0.02,11.8,431.2,77.2
124600,73.7,-0.18,0.62,5.4,22.1,80.4
124700,230.5,-0.43,0.19,10.6,331.4,71.5
124800,126.3,-0.14,-0.1,6.8,74.1,71.3
124900,227.7,0.88,0.52,11.0,333.4,92.4
125000,233.4,-0.23,0.68,12.2,377.4,82.7
125100,228.2,-0.45,-0.06,11.8,350.9,78.3
125200,180.2,0.05,0.44,7.7,164.1,76.4
125300,244.3,1.15,-0.5,12.2,413.6,90.9
125400,68.0,0.66,0.58,2.7,13.6,91.7
125500,243.5,0.65,-0.55,12.7,424.1,83.9
125600,60.6,-0.39,-0.3,1.7,9.2,75.5
125700,220.5,0.03,0.21,9.5,281.9,77.8
125800,256.4,-0.97,0.01,13.0,477.2,85.8
125900,202.3,0.27,0.21,10.2,248.6,72.1
126000,121.2,0.28,-0.84,8.8,80.9,87.5
126100,126.3,-0.09,0.64,4.3,57.7,79.7
126200,242.7,0.96,-0.44,9.9,351.6,96.8
126300,267.1,-0.29,0.31,14.9,573.4,77.4
126400,209.8,-0.8,-0.07,11.0,282.0,83.3
126500,238.2,-1.35,0.04,10.1,343.4,95.1
126600,97.9,1.71,-0.22,2.5,27.2,116.8
126700,224.3,0.31,-0.31,11.8,339.8,74.3
126800,97.0,-0.48,-0.38,4.2,33.4,80.8
126900,78.5,0.25,0.06,4.6,23.1,77.4
127000,207.5,-0.27,-0.34,10.1,260.8,81.8
127100,259.4,1.02,0.19,15.3,553.4,88.1
127200,77.6,0.61,0.36,3.5,19.6,81.3
127300,281.3,0.3,-0.01,13.5,590.6,76.1
127400,216.8,-0.34,-1.36,9.4,269.9,106.8
127500,238.6,0.4,0.01,12.0,390.0,78.1
127600,198.0,0.81,0.39,10.9,249.4,88.1
127700,120.0,-0.04,0.33,4.8,55.2,81.7
127800,200.8,-0.19,-0.29,9.4,231.0,75.9
127900,83.8,0.92,-0.86,4.1,24.7,96.4
128000,245.4,0.34,-0.52,11.2,391.7,83.0
128100,256.2,0.67,0.32,12.7,467.6,83.7
128200,184.2,-0.79,-0.8,10.2,206.3,91.7
128300,186.6,0.14,-0.5,8.9,192.6,78.4
128400,140.8,0.96,0.36,5.4,80.9,88.0
128500,141.4,0.54,-0.2,7.7,100.7,79.9
128600,173.7,1.54,-0.23,10.1,182.9,109.2
128700,274.9,-0.23,-0.59,15.3,621.4,83.1
128800,159.1,-0.91,0.17,7.2,122.5,91.2
128900,209.1,0.47,-0.19,9.1,245.8,79.2
129000,193.0,-0.79,0.78,7.7,187.4,89.4
129100,80.2,0.17,-0.22,5.1,25.3,70.8
129200,210.1,0.08,0.12,11.7,296.5,76.3
129300,136.6,-1.2,1.13,5.7,78.3,111.6
129400,98.7,-1.54,0.26,4.6,36.3,111.0
129500,139.8,0.11,0.04,7.1,93.9,77.2
129600,183.9,-0.53,0.17,8.6,183.2,77.1
129700,76.7,-0.35,0.16,5.8,24.9,80.6
129800,246.5,0.07,-0.73,12.6,430.1,81.0
129900,283.6,-0.21,-0.52,11.2,522.9,79.6
130000,151.8,0.17,0.05,6.6,105.2,73.3
130100,138.9,0.28,-0.56,6.8,89.4,79.6
130200,238.2,1.62,0.04,10.7,356.5,107.4
130300,157.2,-0.85,-0.3,8.4,131.3,85.6
130400,283.5,-0.35,-0.04,14.8,645.5,77.0
130500,140.9,0.21,-0.39,7.2,96.0,79.0
130600,153.8,0.21,-0.2,7.9,120.7,76.3
130700,204.9,0.81,-0.16,9.8,248.1,84.0
130800,285.5,-0.82,0.04,14.3,637.2,84.8
130900,263.7,-0.22,0.55,13.1,508.7,77.7
131000,206.4,0.49,-0.36,9.3,242.3,76.6
131100,129.4,0.03,0.56,8.3,88.3,81.2
131200,129.5,-1.26,-0.16,4.7,63.6,100.5
131300,221.5,-0.31,1.27,12.0,334.9,97.0
131400,79.1,-0.82,0.03,2.0,16.5,86.3
131500,270.4,-0.28,-0.81,14.2,567.1,84.8
131600,81.9,-0.13,-0.0,4.1,23.5,74.5
131700,264.9,0.58,0.02,12.2,485.6,84.2
131800,63.1,-0.95,0.19,4.7,15.0,89.7
131900,66.8,-1.01,-0.62,2.9,13.5,96.5
132000,115.6,0.49,-0.35,7.5,66.1,79.6
132100,266.4,1.29,-0.94,12.6,501.8,114.0
132200,175.7,0.98,-0.33,8.6,167.5,90.3
132300,139.4,1.34,0.12,7.2,93.8,95.2
132400,210.1,-0.63,0.34,11.8,298.0,84.6
132500,99.0,0.66,0.65,5.5,40.1,84.5
132600,125.3,1.6,-0.33,8.2,82.5,108.1
132700,124.1,0.91,-0.47,5.4,62.5,88.1
132800,181.2,-0.09,0.55,7.4,161.7,79.2
132900,128.3,0.45,-0.59,4.5,60.4,79.5
133000,149.4,0.82,0.53,6.3,99.5,84.3
133100,271.7,-1.03,0.02,13.7,558.9,89.6
133200,175.3,-0.1,-0.64,7.5,152.0,84.0
133300,81.7,0.07,-0.46,3.3,21.2,74.4
133400,198.3,-0.35,0.22,9.7,230.4,79.1
133500,195.7,-0.14,0.92,10.2,232.9,85.4
133600,192.5,0.85,-0.14,10.8,234.3,82.4
133700,157.8,-1.08,-0.22,7.9,126.9,94.8
133800,197.8,-1.8,-1.04,9.9,232.4,138.0
133900,248.4,-0.44,0.42,13.4,458.9,77.5
134000,122.3,0.34,0.98,5.6,62.2,90.4
134100,250.0,0.29,-0.38,12.8,449.7,77.2
134200,210.8,0.31,0.01,9.0,248.0,76.9
134300,253.2,-0.25,-0.31,11.7,431.5,74.9
134400,263.7,-0.81,0.41,14.2,539.5,85.6
134500,78.5,1.11,-0.39,3.4,19.9,93.6
134600,277.2,-0.13,0.73,12.8,552.0,85.4
134700,185.3,0.21,-0.22,7.8,174.1,78.7
134800,70.8,-1.49,-0.12,3.5,16.3,106.0
134900,224.1,-0.11,0.2,9.7,294.4,78.9
135000,243.7,0.0,0.51,12.6,422.3,82.7
135100,136.8,0.64,0.66,5.8,79.2,81.2
135200,282.8,0.34,-0.38,12.1,551.4,78.1
135300,261.8,-0.39,0.29,14.4,539.1,80.3
135400,286.3,-0.39,0.19,13.7,617.8,73.8
135500,103.7,0.77,-0.12,6.1,47.0,82.9
135600,63.5,1.08,0.9,2.7,11.8,100.1
135700,106.0,-0.37,-1.43,4.4,41.1,108.9
135800,122.2,-0.28,-0.23,7.1,71.3,75.4
135900,231.8,-0.33,0.22,10.1,324.1,76.5
136000,180.0,-0.53,0.58,8.3,170.8,83.0
136100,162.0,0.18,0.33,11.4,172.7,75.8
136200,197.0,1.3,-0.86,9.2,219.8,108.0
136300,205.6,0.14,0.44,12.1,291.6,77.3
136400,269.7,-0.23,0.01,11.8,492.0,75.6
136500,183.2,0.77,-0.07,9.7,197.6,79.5
136600,230.4,-0.43,0.67,14.0,408.3,85.1
136700,256.7,-0.11,-0.22,10.6,412.6,73.6
136800,156.3,0.86,0.69,5.5,100.5,91.4
136900,252.4,-0.48,0.78,10.7,402.3,84.0
137000,102.0,-0.06,-0.56,4.4,38.2,76.3
137100,163.1,-1.47,0.67,5.2,106.4,113.4
137200,158.9,-1.25,-0.28,6.9,118.6,96.5
137300,228.3,0.58,1.09,11.9,353.4,97.6
137400,177.7,-0.42,-0.13,9.0,175.8,76.8
137500,189.1,0.36,-0.4,9.1,201.0,78.5
137600,235.1,0.87,-0.4,10.6,345.9,86.1
137700,64.9,-0.27,-0.22,4.2,15.1,75.2
137800,102.1,-0.12,0.15,5.4,42.6,71.5
137900,249.2,-0.15,0.24,13.8,471.5,78.7
138000,120.8,0.13,1.18,5.6,60.7,94.2
138100,276.6,-0.3,0.19,13.6,576.1,75.8
138200,145.4,-0.9,-0.49,9.0,117.7,86.1
138300,243.7,-1.81,0.73,13.3,438.8,129.1
138400,211.5,1.26,-0.32,9.1,251.0,101.3
138500,247.9,1.64,-0.27,11.1,396.7,112.0
138600,282.7,-0.16,0.28,12.2,554.6,75.5
138700,66.7,0.08,-0.48,5.3,18.0,82.7
138800,284.9,-0.19,0.28,14.7,646.6,76.9
138900,244.3,0.18,-0.79,12.3,416.4,82.7
139000,214.7,0.84,-0.62,12.4,323.6,93.1
139100,91.5,0.06,-0.57,3.3,26.6,77.6
139200,209.2,0.06,0.65,8.5,234.8,79.1
139300,82.8,-0.82,0.72,5.9,29.3,94.6
139400,162.1,-0.5,-0.09,6.3,117.0,76.7
139500,64.7,-0.44,-0.04,2.3,11.5,81.8
139600,252.5,0.13,-0.35,11.7,429.0,78.0
139700,213.6,-0.03,-1.08,10.9,290.5,95.5
139800,193.2,0.63,0.62,8.8,205.2,88.7
139900,175.3,-0.36,0.54,8.2,161.0,80.2
140000,218.7,0.09,-0.4,11.6,318.6,76.8
140100,158.9,0.46,0.33,6.3,111.9,80.4
140200,203.7,-0.2,0.58,10.7,261.6,82.1
140300,110.0,1.01,-0.3,4.6,45.0,93.9
140400,227.7,0.29,0.95,11.6,346.7,86.8
140500,106.1,0.74,-0.33,3.6,37.2,80.9
140600,286.7,-0.84,0.83,14.4,646.9,94.6
140700,233.1,0.26,-0.41,9.7,318.1,82.1
140800,199.2,0.18,0.31,10.1,239.3,78.0
140900,151.0,0.7,-0.1,7.1,108.8,83.8
141000,73.5,0.19,-0.05,4.5,19.8,76.5
141100,188.5,-0.32,-0.43,8.7,193.4,76.3
141200,127.5,0.21,0.2,4.0,56.7,73.8
141300,283.0,0.11,-0.66,11.5,530.7,79.0
141400,67.4,-0.11,-0.63,2.7,13.2,82.2
141500,284.3,-0.47,-0.2,12.1,556.2,86.0
141600,124.3,-0.27,-0.2,5.3,62.5,74.6
141700,273.3,-0.03,0.31,13.4,555.9,78.5
141800,179.3,-0.32,1.25,8.8,177.2,100.7
141900,175.4,0.25,-0.3,10.1,186.5,80.8
142000,171.2,0.67,0.36,8.7,160.1,84.6
142100,139.3,-1.04,0.1,7.4,95.5,89.5
142200,122.6,0.43,-0.56,7.8,76.4,82.9
142300,169.2,-0.77,-0.66,7.3,139.5,89.9
142400,284.1,0.28,0.1,12.8,577.9,80.5
142500,235.5,0.64,-0.18,9.6,322.8,81.1
142600,127.7,0.15,-0.53,7.0,77.3,78.0
142700,116.9,0.53,0.02,3.7,45.7,74.9
142800,207.5,0.44,1.09,8.1,223.3,93.9
142900,64.2,0.13,-0.18,5.3,16.5,73.9
143000,78.3,0.14,-0.26,2.4,17.1,75.1
143100,286.1,-0.55,1.14,15.3,672.0,96.0
143200,138.6,0.08,0.58,4.8,73.2,77.1
143300,68.2,-0.41,-0.52,2.8,13.9,80.5
143400,262.4,0.25,0.19,12.5,484.8,78.6
143500,137.9,-1.32,-0.3,9.3,108.6,103.6
143600,288.3,-0.93,0.96,15.0,672.7,102.5
143700,191.7,-0.92,-0.16,11.6,244.4,84.1
143800,248.9,0.85,-1.18,13.3,456.4,104.3
143900,66.7,-0.16,0.43,2.4,12.5,79.6
144000,166.8,0.36,-0.34,7.4,136.7,77.8
144100,115.4,0.32,-0.78,3.1,41.3,84.5
144200,77.8,-0.36,-0.26,4.3,21.8,79.5
144300,174.9,-0.42,0.47,11.1,197.9,81.0
144400,147.1,0.01,0.83,6.8,100.5,84.2
144500,211.4,-0.05,-0.39,8.8,245.9,77.9
144600,251.9,-0.51,0.04,11.7,426.8,79.7
144700,116.5,0.34,0.91,6.0,58.5,90.4
144800,83.3,0.43,0.35,3.7,23.2,80.2
144900,93.0,-0.51,-0.01,4.1,30.5,77.8
145000,270.7,0.23,0.18,14.4,576.4,76.0
145100,107.3,-0.42,-0.07,5.5,47.2,78.5
145200,218.3,0.05,0.18,10.4,294.2,74.0
145300,129.8,-0.51,-0.17,4.2,59.8,80.8
145400,138.8,0.46,-0.49,7.6,96.2,76.0
145500,119.9,0.59,0.61,6.5,65.4,90.9
145600,65.8,0.16,0.0,3.4,14.1,80.9
145700,68.5,-0.52,-0.01,4.1,16.6,75.5
145800,277.5,-0.31,-0.05,11.4,507.0,73.1
145900,244.8,-1.76,-0.73,12.5,422.6,128.8
146000,260.7,0.32,-0.04,12.9,490.7,77.2
146100,108.7,0.47,-0.62,6.0,51.0,85.5
146200,238.2,0.42,0.14,11.0,363.4,78.9
146300,287.9,0.35,-0.08,14.0,637.5,75.6
146400,156.9,0.58,-0.62,6.8,114.4,86.2
146500,124.8,-0.17,0.77,6.7,71.6,87.1
146600,275.6,-0.1,-0.34,15.9,643.4,78.0
146700,69.2,1.16,1.33,2.4,13.5,115.9
146800,249.6,-1.19,-0.41,11.2,404.1,96.3
146900,184.6,-0.47,0.48,9.8,201.1,85.3
147000,104.9,1.71,-0.53,6.6,50.4,121.1
147100,93.0,-0.46,-0.31,7.0,40.9,79.6
147200,205.6,-0.42,1.01,10.2,257.4,93.2
147300,109.6,0.18,-0.29,4.9,46.5,78.0
147400,271.1,1.07,0.03,14.3,573.2,88.7
147500,231.9,0.14,-0.51,11.8,363.8,76.7
147600,285.8,-0.58,0.69,13.0,593.4,93.4
147700,221.5,0.26,0.79,11.3,321.1,88.4
147800,74.5,-0.75,0.74,1.7,14.1,84.3
147900,196.2,1.58,-0.75,11.9,262.3,117.5
148000,71.4,0.31,-0.1,2.9,15.4,74.7
148100,144.9,-0.64,-0.67,9.2,118.8,87.6
148200,212.0,-0.14,0.28,11.9,304.6,78.9
148300,268.1,-1.12,1.45,13.5,535.4,121.3
148400,272.2,-0.79,0.5,12.9,534.5,87.5
148500,97.8,-0.88,-0.12,6.2,42.0,87.2
148600,271.3,0.91,-0.97,13.3,543.1,101.4
148700,115.3,0.02,-1.16,3.6,43.9,90.7
148800,75.9,0.01,-0.61,2.5,16.3,79.2
148900,66.7,0.29,-0.67,1.7,11.2,77.8
149000,247.1,-0.2,0.94,9.4,349.7,90.3
149100,170.8,0.67,-0.11,8.3,153.6,81.3
149200,178.1,0.25,-0.9,9.0,177.4,87.5
149300,288.9,-0.12,0.19,15.3,687.8,76.5
149400,206.9,-0.23,-0.09,10.6,266.9,79.5
149500,235.6,-0.63,0.73,11.6,370.3,87.8
149600,187.8,-0.61,-0.55,10.3,216.0,83.6
149700,132.4,0.37,0.77,4.2,62.4,86.4
149800,184.6,-0.48,0.29,10.3,208.2,77.0
149900,208.5,-0.78,-0.3,10.0,261.3,84.3
150000,271.6,-0.07,0.48,11.4,487.5,78.8
150100,248.9,-0.1,1.58,11.1,399.1,107.8
150200,212.1,-0.52,0.66,9.3,257.6,84.2
150300,212.2,0.05,-0.17,12.0,308.7,75.8
150400,65.4,0.9,-0.93,4.4,15.7,99.2
150500,63.0,0.01,0.25,0.8,8.5,74.0
150600,193.6,-1.02,0.17,10.0,224.9,90.8
150700,126.6,-2.02,-0.57,7.7,80.5,138.7
150800,108.5,-0.62,0.48,5.1,46.5,84.8
150900,82.6,0.85,-0.15,3.3,21.7,87.0
151000,69.8,-0.26,-0.1,3.8,16.7,78.1
151100,63.2,0.94,1.1,4.1,14.0,103.8
151200,156.5,-0.04,0.28,5.5,100.9,76.4
151300,253.5,-0.04,0.71,13.5,479.6,80.4
151400,265.1,0.46,0.95,14.0,538.4,87.5
151500,228.8,-0.06,-0.1,10.6,327.7,72.1
151600,285.2,1.53,-0.19,17.2,735.0,108.8
151700,201.9,0.48,1.01,13.0,296.2,89.0
151800,243.1,0.37,-0.2,11.8,398.7,75.5
151900,157.2,1.05,-0.08,8.0,127.9,90.2
152000,210.7,-0.34,-0.27,11.6,296.9,79.3
152100,278.4,0.56,-0.41,13.3,572.7,80.9
152200,71.9,-1.08,-0.61,3.9,17.7,98.3
152300,165.7,-0.62,0.57,8.1,142.7,85.2
152400,201.6,-0.85,0.06,10.4,250.7,85.6
152500,206.4,0.43,0.21,10.7,268.4,82.1
152600,175.7,0.36,0.72,9.5,178.0,81.8
152700,149.6,-0.58,-0.27,6.1,97.6,81.7
152800,196.9,0.46,0.31,10.2,235.5,76.7
152900,167.1,0.32,0.79,7.6,139.0,87.5
153000,135.4,-1.02,0.14,8.1,95.5,87.8
153100,127.7,-0.67,1.05,6.5,73.8,98.8
153200,87.5,0.15,0.21,5.8,32.3,73.9
153300,99.3,-0.86,0.36,6.8,45.9,87.4
153400,287.3,0.97,-1.99,14.5,651.8,142.3
153500,229.7,0.06,0.06,8.9,291.8,75.1
153600,164.1,-0.05,-0.66,8.2,141.1,84.4
153700,142.3,-0.9,-0.01,9.3,115.4,84.2
153800,235.2,0.22,0.85,12.8,396.8,82.5
153900,147.2,0.61,-0.22,7.7,109.6,78.4
154000,115.9,0.93,0.21,6.6,61.4,88.4
154100,89.9,-0.59,-0.65,4.2,28.7,89.5
154200,173.2,-0.26,0.54,8.9,166.2,77.7
154300,135.6,-0.33,-0.44,5.2,73.4,81.6
154400,275.9,-0.0,-0.63,13.8,578.7,76.0
154500,133.6,-1.55,-0.94,6.0,77.2,121.2
154600,79.7,-1.36,-1.02,2.4,17.8,112.9
154700,128.5,0.35,-0.54,5.7,69.4,83.6
154800,289.6,-0.74,0.38,11.2,545.9,85.5
154900,219.1,0.13,-0.29,9.4,276.8,78.0
155000,187.5,-0.6,-0.19,7.8,177.8,77.5
155100,121.0,-0.26,-0.34,5.9,62.8,79.9
155200,202.9,0.24,0.52,9.9,245.4,80.4
155300,60.0,0.2,0.51,2.6,10.5,82.2
155400,76.3,-0.73,-0.25,3.7,19.6,81.4
155500,63.7,0.05,0.26,3.6,13.4,77.1
155600,223.8,-0.5,-0.6,12.9,362.5,83.3
155700,268.5,-1.18,0.2,11.2,470.0,95.6
155800,85.8,0.56,0.67,5.5,30.3,86.5
155900,262.7,-1.26,-0.64,12.7,492.4,102.3
156000,245.0,0.1,-0.8,12.4,419.6,83.5
156100,78.6,0.17,-0.77,3.7,20.7,82.7
156200,90.9,-0.07,-0.01,5.3,33.1,70.6
156300,123.6,0.48,-0.37,7.2,73.5,81.3
156400,178.2,0.46,-0.26,8.6,172.0,78.0
156500,195.4,-0.18,-0.45,8.5,204.6,78.7
156600,175.5,-0.23,0.36,7.7,154.6,75.9
156700,269.8,0.68,0.57,13.7,550.1,89.1
156800,114.7,-0.16,0.42,6.6,60.0,75.9
156900,183.1,-0.84,-0.11,6.3,149.6,87.3
157000,137.1,-0.57,-0.09,3.9,64.5,84.2
157100,179.8,0.48,-0.85,7.7,162.9,91.7
157200,113.9,-1.36,-0.12,5.9,55.7,103.2
157300,215.7,-0.67,-0.43,10.7,292.9,79.7
157400,223.6,-0.57,0.09,9.9,297.2,77.3
157500,284.8,-0.9,0.06,16.2,699.7,87.7
157600,64.0,1.0,0.22,2.9,12.4,88.5
157700,191.4,0.47,0.44,11.1,237.1,79.5
157800,191.6,0.56,0.11,7.7,184.9,77.9
157900,125.8,-0.46,-0.65,6.5,71.7,84.7
158000,154.9,-0.57,0.21,8.5,128.7,77.0
158100,132.0,0.06,0.65,7.4,85.2,80.6
158200,176.5,-0.56,-0.61,7.8,158.0,82.5
158300,256.4,0.93,-0.52,11.6,439.1,91.2
158400,212.3,-0.57,-0.64,8.6,243.7,82.7
158500,141.7,-0.95,-1.19,6.0,86.4,110.0
158600,270.5,0.82,0.85,14.0,560.9,92.4
158700,85.5,-0.55,-1.39,5.7,30.6,100.6
158800,117.3,0.62,-0.37,6.7,63.6,79.5
158900,237.3,-0.56,-0.4,11.4,371.4,80.5
159000,193.1,1.62,-0.62,7.1,177.6,116.2
159100,75.4,0.38,0.3,4.2,20.3,72.9
159200,287.8,1.37,0.4,14.0,635.3,103.2
159300,208.4,0.64,0.11,9.9,259.2,80.7
159400,289.1,0.68,0.04,13.7,630.8,77.7
159500,272.1,-0.53,-0.13,12.3,515.1,78.2
159600,262.9,-0.55,0.04,12.5,487.1,76.5
159700,105.0,0.47,-0.22,4.2,39.4,77.5
159800,101.6,1.17,0.41,5.2,41.3,96.3
159900,137.6,0.43,-0.05,5.7,79.8,80.8
160000,217.4,0.88,-0.15,10.0,283.5,86.2
160100,282.3,0.77,-0.03,12.7,569.3,86.4
160200,209.2,0.59,-0.8,10.5,272.0,87.5
160300,248.0,0.5,-0.51,12.4,430.2,83.1
160400,275.5,0.03,-0.15,13.4,564.5,71.6
160500,277.4,0.3,0.29,14.0,591.0,74.8
160600,84.8,-0.23,-0.8,3.4,23.3,88.6
160700,101.5,0.18,-0.31,4.6,38.6,80.1
160800,172.1,0.64,0.35,6.6,134.9,80.1
160900,140.3,-0.12,0.21,7.6,98.3,76.2
161000,153.9,-0.53,-0.28,7.1,113.2,77.2
161100,233.4,0.73,-0.26,9.6,317.7,83.6
161200,218.4,0.62,-0.29,12.3,333.1,78.5
161300,278.1,0.27,-0.51,12.6,548.8,82.6
161400,114.8,0.02,0.75,2.7,38.7,84.3
161500,234.2,-0.33,-0.12,11.1,354.1,78.5
161600,200.9,-0.22,-1.08,7.8,205.3,93.4
161700,217.1,-0.83,0.3,11.9,320.0,84.3
161800,102.9,1.32,0.25,4.2,37.8,98.5
161900,178.7,0.02,0.64,8.8,175.2,81.3
162000,256.6,1.14,0.07,12.5,464.7,95.4
162100,201.8,-0.41,0.5,9.5,236.5,78.0
162200,256.2,0.64,-0.36,10.9,419.1,82.1
162300,89.0,-0.64,0.13,4.1,27.9,78.8
162400,176.4,0.25,-1.0,9.0,173.3,91.4
162500,243.5,-0.69,0.3,11.1,383.1,87.4
162600,278.6,0.26,-0.34,11.5,513.3,76.6
162700,152.1,0.42,-0.21,5.1,90.9,83.5
162800,274.6,-0.07,-0.18,12.6,534.9,75.3
162900,214.1,-0.01,0.32,10.9,291.7,77.4
163000,114.9,0.44,-1.06,6.0,57.1,92.4
163100,269.1,0.17,-0.48,13.3,534.3,79.0
163200,84.7,-0.94,-1.11,5.5,29.5,101.8
163300,123.1,0.59,-0.44,5.5,62.0,86.5
163400,263.3,1.34,0.05,14.4,544.6,102.4
163500,154.1,0.36,-0.52,8.9,132.0,77.9
163600,183.9,1.51,-0.39,8.0,173.9,109.9
163700,163.3,0.07,-0.65,6.8,123.8,77.4
163800,252.1,-0.01,0.02,12.3,441.7,76.4
163900,82.4,-1.4,0.24,3.5,22.2,99.7
164000,198.6,0.9,-0.48,8.6,212.7,84.5
164100,200.8,1.0,-0.5,9.6,235.0,93.3
164200,230.2,0.9,-0.27,11.9,360.6,89.8
164300,113.2,-0.05,0.14,5.9,54.8,74.6
164400,174.9,1.16,0.12,8.6,164.9,90.0
164500,183.7,0.26,0.17,8.5,181.2,77.7
164600,139.7,-0.23,-0.29,6.7,90.3,74.6
164700,76.6,-0.85,1.55,4.2,20.9,116.5
164800,202.3,-1.06,-0.78,10.4,252.1,100.8
164900,74.0,-0.02,-0.31,4.7,20.8,76.6
165000,270.2,-0.78,-0.23,12.7,519.8,84.0
165100,288.7,0.51,-0.34,14.3,652.2,78.6
165200,152.5,0.79,0.2,6.4,104.7,82.6
165300,153.3,0.52,-0.56,7.5,115.9,85.5
165400,259.6,0.79,-0.32,10.7,424.7,84.4
165500,175.3,0.15,-0.02,9.3,174.9,77.9
165600,211.4,-0.06,-0.93,9.1,251.4,85.8
165700,169.1,0.6,1.66,7.6,142.7,119.9
165800,215.2,1.32,0.08,10.5,287.1,99.6
165900,138.3,-0.17,-0.04,7.3,93.1,73.2
166000,217.5,0.45,-0.14,8.9,261.1,77.9
166100,172.7,0.09,-0.9,9.6,174.3,85.2
166200,204.8,0.23,0.32,10.7,264.1,76.7
166300,146.4,1.64,0.07,7.6,107.1,111.6
166400,158.4,-1.35,0.07,7.0,118.4,101.1
166500,64.0,0.35,-0.06,3.1,12.6,76.6
166600,251.1,-0.57,0.12,9.2,358.2,83.5
166700,132.8,-0.06,-0.05,6.7,81.6,79.3
166800,180.6,0.81,-0.12,10.0,196.2,82.3
166900,99.6,-0.14,0.1,4.1,35.0,77.1
167000,143.7,0.53,-0.44,6.5,94.0,85.4
167100,212.5,-0.13,0.55,10.0,270.9,79.3
167200,137.4,0.07,0.98,5.0,73.9,89.0
167300,217.3,0.44,-0.83,9.6,275.4,86.5
167400,151.6,-0.02,0.91,7.0,108.9,84.3
167500,204.2,0.03,0.1,10.8,263.9,74.7
167600,190.5,-0.92,-0.51,10.1,219.6,88.5
167700,261.2,-0.91,0.16,11.9,463.2,84.6
167800,255.5,0.7,0.66,12.4,456.0,83.2
167900,115.9,0.28,-0.45,5.7,56.3,76.6
168000,182.2,0.74,-0.57,7.0,157.2,88.5
168100,213.4,-1.38,0.2,11.2,295.6,106.9
168200,280.8,-0.08,-0.01,15.2,644.6,73.3
168300,187.9,0.03,-0.29,9.2,199.4,80.3
168400,62.0,-0.37,-0.34,3.1,12.0,78.5
168500,230.5,-0.17,0.67,10.9,339.7,88.9
168600,188.8,0.5,0.5,9.3,203.9,80.7
168700,285.9,0.49,0.8,12.6,578.9,89.8
168800,212.7,-1.42,0.43,9.5,261.8,104.2
168900,112.5,0.6,0.36,5.8,53.7,81.6
169000,183.3,-1.42,0.86,8.1,174.6,113.2
169100,257.2,0.45,-0.14,11.1,427.0,76.2
169200,277.4,0.5,-0.51,14.3,599.7,81.3
169300,140.9,-0.62,-0.42,6.5,90.1,81.5
169400,105.3,0.51,0.96,5.2,44.1,95.8
169500,247.4,-0.15,0.63,12.1,420.8,82.2
169600,227.4,0.99,-0.41,12.7,368.1,91.1
169700,137.4,1.02,0.19,8.7,102.7,92.0
169800,156.5,-0.96,0.38,6.8,114.3,91.1
169900,97.1,0.26,0.41,4.4,34.4,77.4
170000,289.9,-0.59,0.12,14.2,652.6,79.6
170100,96.3,-0.25,-1.4,5.5,38.2,101.9
170200,181.5,0.19,1.01,9.4,188.7,91.7
170300,61.8,-0.37,-0.45,3.3,12.2,77.9
170400,75.4,0.29,0.18,4.1,20.1,78.0
170500,127.8,0.97,0.08,6.5,73.8,87.9
170600,210.8,-0.65,0.08,9.5,257.3,78.9
170700,133.3,-0.56,-0.39,8.5,95.3,84.5
170800,105.4,-1.6,0.56,4.7,41.7,113.1
170900,234.2,-0.28,0.04,12.8,393.7,74.1
171000,114.4,0.76,-0.21,7.5,64.7,87.8
171100,92.5,1.11,0.13,4.4,31.3,93.9
171200,61.2,0.4,-0.0,4.0,13.0,77.6
171300,253.1,1.01,0.21,14.6,509.5,94.6
171400,165.5,0.64,0.0,8.6,147.8,82.0
171500,248.3,0.54,0.65,13.0,448.5,89.3
171600,247.7,-1.8,-0.55,13.1,446.7,129.2
171700,65.4,0.59,0.26,2.6,12.4,84.9
171800,130.6,-0.83,-0.03,6.7,78.4,83.4
171900,187.1,-0.42,0.52,8.8,192.6,81.0
172000,102.7,-0.19,0.27,6.5,48.0,74.5
172100,83.5,-0.35,-0.64,5.6,29.0,81.9
172200,196.2,0.81,-0.18,7.5,189.9,85.3
172300,107.5,-0.27,-0.9,6.6,52.9,83.8
172400,147.4,-0.49,-0.87,7.6,108.2,91.3
172500,77.3,-0.17,-0.37,2.4,16.7,79.4
172600,159.6,-0.47,-0.23,7.1,121.7,78.8
172700,230.4,-0.99,0.46,10.4,328.1,87.2
172800,113.8,-0.93,0.62,4.4,47.1,90.7
172900,157.5,0.48,0.23,8.0,128.1,77.9
173000,95.8,-0.17,0.56,3.3,29.1,86.5
173100,231.3,0.23,-0.71,10.2,324.8,78.0
173200,286.1,-0.48,-0.14,14.9,659.7,75.9
173300,149.3,0.17,0.39,8.0,115.3,77.1
173400,273.4,-0.18,-0.81,13.0,542.6,84.1
173500,280.5,-0.26,-0.08,15.0,636.0,77.5
173600,115.7,-0.74,0.04,5.8,56.6,84.4
173700,169.6,-0.55,0.42,6.0,124.6,80.0
173800,240.0,-0.05,1.07,10.5,358.6,90.1
173900,121.0,0.74,-1.34,6.4,65.4,106.8
174000,203.0,1.35,1.0,10.1,249.6,116.1
174100,70.3,-0.3,0.64,2.7,14.5,83.4
174200,160.1,0.53,-0.39,7.7,128.9,76.4
174300,133.5,0.52,-0.06,6.4,80.0,79.5
174400,245.7,0.56,0.31,10.8,382.5,78.6
174500,251.5,0.53,0.03,12.2,437.1,83.2
174600,280.4,-1.93,-0.1,11.3,514.0,128.2
174700,275.5,-0.23,-0.35,14.3,591.7,77.5
174800,279.8,1.1,0.3,14.4,614.4,89.7
174900,223.5,-1.14,0.49,10.6,312.7,100.1
175000,156.1,-0.09,-0.28,7.7,122.9,76.5
175100,74.2,-0.3,-0.51,2.7,16.1,77.7
175200,231.0,0.15,0.36,11.9,362.3,80.8
175300,160.1,-0.26,-0.73,9.0,143.0,84.6
175400,173.7,0.18,-0.35,7.4,147.9,75.2
175500,244.9,0.31,1.33,12.0,408.9,100.9
175600,156.5,-0.02,0.26,5.8,103.6,75.2
175700,73.1,-0.87,0.34,5.6,22.2,85.6
175800,91.5,-0.17,-0.48,3.2,26.3,82.1
175900,88.6,-0.8,0.17,5.1,30.9,87.6
176000,102.4,-0.63,0.14,4.3,37.9,84.6
176100,197.7,0.6,-0.92,8.7,212.6,90.7
176200,201.5,0.02,-0.3,9.5,234.9,72.5
176300,199.2,-0.36,0.03,9.0,222.1,73.5
176400,265.3,0.45,0.19,13.3,519.3,78.4
176500,126.7,-0.54,1.26,5.7,67.5,99.7
176600,85.4,-1.46,0.43,5.8,30.8,104.0
176700,84.7,0.07,0.15,4.2,25.7,70.5
176800,260.8,-0.32,0.32,13.0,495.2,78.5
176900,159.0,-0.58,-0.57,6.0,109.7,81.3
177000,283.7,0.53,0.74,13.4,599.4,85.3
177100,147.3,-0.21,0.7,6.0,94.1,82.2
177200,258.3,0.39,0.19,15.8,562.0,79.4
177300,246.0,0.06,0.25,10.2,368.1,75.8
177400,127.1,-0.06,0.69,3.3,51.7,82.6
177500,239.0,-0.33,0.23,9.8,337.0,74.5
177600,134.2,-0.57,-0.33,4.2,64.0,80.9
177700,204.9,-0.46,0.56,9.3,239.6,87.8
177800,233.6,0.27,-0.57,12.3,380.2,81.9
177900,223.2,-0.19,0.11,10.2,303.0,75.3
178000,258.4,-1.33,0.37,10.6,416.5,103.3
178100,276.8,0.87,-0.1,12.9,554.2,86.2
178200,112.2,-0.41,-1.33,7.9,64.3,103.9
178300,165.2,-1.14,0.78,8.0,141.0,105.5
178400,97.7,0.15,-0.16,3.6,31.4,76.5
178500,183.0,0.64,-0.47,8.4,178.8,81.2
178600,281.8,0.13,-0.07,13.7,598.5,71.7
178700,177.8,0.69,0.41,7.0,149.5,86.8
178800,184.5,-0.38,-0.18,8.6,183.8,77.1
178900,80.4,0.5,-0.4,2.5,18.4,83.7
179000,286.3,-0.58,0.56,13.9,627.9,88.1
179100,108.1,0.16,-0.5,5.4,47.8,77.4
179200,229.2,-0.65,-0.57,12.2,364.6,84.9
179300,154.8,-0.38,-0.46,5.2,95.9,84.4
179400,284.5,0.92,-0.01,13.8,616.6,86.3
179500,113.9,-0.06,0.52,4.8,49.7,78.5
179600,225.8,0.76,1.12,10.9,324.2,104.8
179700,147.2,-0.88,0.48,6.8,101.0,88.7
179800,166.1,0.27,0.12,7.8,140.1,74.5
179900,204.2,-1.8,0.53,7.7,209.9,123.3
180000,288.1,0.92,0.0,13.2,608.6,84.3
180100,227.8,0.59,-0.28,9.8,308.0,83.2
180200,247.8,0.79,-0.25,12.3,427.7,86.9
180300,98.1,-0.42,-0.32,5.1,37.9,80.2
180400,224.9,0.07,-0.26,11.3,332.0,73.2
180500,237.9,1.14,0.62,10.9,361.8,100.5
180600,63.7,-0.26,0.39,2.9,12.2,76.9
180700,150.3,-0.72,-0.42,8.6,122.4,84.1
180800,122.1,-1.37,-0.14,6.3,66.2,101.6
180900,267.1,-1.14,-0.18,13.0,518.5,92.5
181000,85.3,-0.16,0.33,7.1,34.8,79.8
181100,85.2,0.59,0.15,4.9,27.9,79.3
181200,223.9,0.5,0.18,11.3,327.6,82.2
181300,178.7,-0.14,-0.37,10.0,191.6,81.8
181400,74.7,0.45,0.0,3.7,18.6,79.6
181500,256.0,0.75,0.83,14.0,502.6,89.5
181600,236.1,-0.08,-0.87,12.7,398.4,83.5
181700,78.6,-0.55,0.5,4.8,23.7,84.1
181800,212.5,0.39,-0.52,10.2,274.9,81.2
181900,125.0,0.52,-0.72,6.7,72.0,88.1
182000,142.2,-0.23,1.06,8.4,107.6,90.1
182100,252.7,0.64,0.78,10.0,382.2,91.4
182200,247.3,0.58,0.41,10.3,375.6,85.8
182300,146.9,-0.69,-0.06,6.3,96.1,78.1
182400,234.7,-0.13,-0.5,10.7,345.7,78.5
182500,67.2,0.25,-0.04,2.4,12.6,77.9
182600,176.6,0.49,-0.45,8.6,168.9,82.8
182700,252.5,0.33,-0.64,12.4,447.7,80.1
182800,193.0,0.65,0.78,10.6,233.4,89.4
182900,69.0,-1.07,0.46,4.0,16.7,89.3
183000,132.4,-0.46,-0.95,6.5,79.6,84.7
183100,109.9,0.08,0.42,5.7,50.6,74.7
183200,76.2,-0.55,0.33,3.1,18.0,83.1
183300,93.8,0.93,0.22,4.1,31.0,88.0
183400,94.2,0.57,0.54,6.8,41.2,85.5
183500,61.4,-0.43,0.26,3.5,12.4,78.3
183600,149.5,0.23,-0.4,7.2,108.1,78.6
183700,93.6,0.67,0.04,4.3,31.4,83.6
183800,122.6,-0.35,0.98,4.1,52.8,93.6
183900,163.4,-0.41,0.97,9.3,151.8,87.3
184000,71.1,-0.69,0.1,2.8,15.1,84.9
184100,167.9,0.83,0.46,8.3,148.5,86.7
184200,155.0,0.28,-0.7,8.5,128.8,80.6
184300,65.1,0.3,0.49,4.5,15.7,85.2
184400,154.5,-0.86,-0.13,8.6,129.6,89.5
184500,187.5,-0.85,-0.14,9.5,204.1,82.8
184600,97.6,0.76,-0.07,4.9,36.7,77.9
184700,134.0,-1.0,0.72,5.4,73.3,93.5
184800,254.2,0.3,-1.39,10.4,399.6,100.3
184900,257.1,-0.25,0.26,11.7,443.1,73.3
185000,175.0,-0.33,-0.56,9.3,174.6,82.8
185100,166.2,-1.67,0.17,7.4,135.7,115.3
185200,140.4,0.71,-0.59,8.8,107.9,85.0
185300,86.0,0.45,-0.43,6.6,33.9,79.5
185400,143.0,0.25,0.21,8.2,107.3,73.9
185500,248.0,0.35,-0.26,10.8,389.3,78.8
185600,71.2,-0.08,0.44,3.4,16.3,78.4
185700,204.7,-0.45,-0.45,8.6,226.1,81.4
185800,145.2,0.1,1.16,6.5,95.1,92.4
185900,181.8,-0.48,0.12,8.8,182.3,75.0
186000,170.2,0.26,0.58,9.5,167.4,81.8
186100,76.7,0.73,-0.88,3.5,19.3,99.2
186200,228.1,-1.52,0.3,10.4,321.2,106.2
186300,284.5,-0.22,-1.25,14.6,641.6,95.8
186400,208.8,-1.07,0.36,9.1,245.6,91.8
186500,265.1,-0.05,0.55,13.5,525.9,77.2
186600,187.1,-1.27,-0.2,10.8,221.5,99.2
186700,93.5,-1.05,-0.07,4.7,33.0,89.8
186800,264.9,-0.7,0.23,11.7,469.7,81.0
186900,170.6,0.17,0.08,10.2,177.5,78.8
187000,177.0,0.79,-0.25,8.5,168.7,84.9
187100,176.5,0.09,0.76,9.0,174.4,83.7
187200,154.7,0.49,-0.87,6.9,112.1,89.0
187300,178.4,-0.48,0.13,8.9,175.6,82.2
187400,192.6,-0.2,0.17,9.9,221.0,73.0
187500,185.0,-0.29,-0.51,8.8,187.7,78.7
187600,143.8,-0.31,-0.19,7.4,101.5,78.6
187700,114.7,0.6,0.13,4.5,48.4,79.5
187800,256.4,-0.3,0.22,10.2,400.2,77.3
187900,74.9,0.03,0.51,3.9,19.2,78.4
188000,203.1,-0.38,0.97,11.3,270.8,90.0
188100,257.1,0.32,0.36,11.0,423.3,81.8
188200,203.4,-0.75,0.07,9.3,236.6,81.1
188300,253.1,-1.55,0.28,10.7,403.1,108.5
188400,250.5,0.24,-0.41,11.9,426.0,80.3
188500,253.4,-0.08,-0.42,10.7,403.8,79.7
188600,238.1,-0.21,-0.32,11.3,370.6,76.3
188700,102.4,0.42,-0.17,3.8,35.5,77.2
188800,102.3,0.18,-0.37,6.3,46.5,73.3
188900,171.4,0.22,-0.13,8.8,161.5,78.9
189000,189.6,-0.23,0.31,8.1,187.2,74.0
189100,219.7,-0.03,-0.26,11.1,312.4,76.8
189200,257.2,0.09,-0.28,10.8,418.0,75.7
189300,63.9,0.83,0.23,1.9,10.6,82.0
189400,71.9,-0.5,-0.42,2.4,14.6,79.8
189500,120.9,1.25,-0.42,6.7,67.4,96.9
189600,287.3,1.41,0.42,12.0,564.6,104.6
189700,123.2,0.77,0.1,7.2,73.4,86.9
189800,169.9,0.21,0.95,9.8,170.6,91.3
189900,203.9,0.31,-0.25,11.9,282.2,75.6
190000,143.3,-0.8,0.57,9.0,114.5,89.0
190100,222.4,-0.57,-0.15,10.2,300.2,83.3
190200,128.0,-0.46,-0.15,5.8,69.6,80.9
190300,271.7,0.61,-0.36,13.4,549.3,84.8
190400,115.9,0.23,0.02,3.4,43.6,76.8
190500,277.7,0.24,-0.81,14.0,591.0,90.3
190600,194.6,0.32,0.13,11.1,244.3,76.7
190700,137.1,-0.43,-0.06,7.0,89.4,75.5
190800,186.8,-0.99,-1.33,9.2,197.8,115.2
190900,235.6,-0.58,-0.56,10.1,335.0,84.9
191000,206.4,0.44,0.05,7.2,205.4,76.3
191100,221.3,0.94,0.28,10.4,301.7,89.1
191200,246.3,-0.12,-0.34,13.8,460.2,72.8
191300,166.9,1.22,0.46,6.7,128.8,96.9
191400,243.5,0.31,0.03,10.6,371.1,73.2
191500,185.8,0.13,-0.62,8.9,191.1,78.4
191600,85.1,-1.4,0.29,3.3,23.2,106.8
191700,252.2,0.02,0.07,11.9,431.9,74.7
191800,104.6,0.76,-0.74,5.1,43.3,93.7
191900,69.0,-0.22,-0.48,5.1,18.8,80.3
192000,222.7,0.39,-0.55,10.1,299.9,79.9
192100,259.1,0.2,-0.55,14.6,533.6,80.6
192200,183.5,-0.18,0.03,5.2,134.0,71.4
192300,218.9,1.2,1.43,11.6,319.5,128.4
192400,257.1,0.2,-0.22,11.7,444.4,73.9
192500,247.2,-0.55,-0.15,13.6,458.5,77.7
192600,185.7,-0.52,-0.85,7.8,175.7,89.9
192700,120.5,0.25,0.28,5.5,59.8,78.6
192800,200.7,-0.23,0.1,9.2,227.9,74.4
192900,149.2,-0.14,-0.02,7.9,113.5,74.7
193000,70.6,-1.56,0.99,4.0,17.4,123.1
193100,246.2,-0.01,-0.27,11.5,401.7,76.8
193200,221.9,0.39,0.85,10.4,303.8,85.4
193300,288.0,-0.66,0.27,13.7,627.2,83.3
193400,107.7,0.08,0.26,4.1,40.9,76.0
193500,105.1,0.28,0.08,4.4,40.5,79.3
193600,123.3,0.06,-0.58,8.2,79.7,80.0
193700,110.5,-0.29,0.05,4.4,44.6,82.8
193800,269.2,0.19,-0.6,10.9,463.4,78.8
193900,256.0,-0.66,0.52,15.2,535.4,83.9
194000,105.0,-0.16,-0.18,5.7,46.2,72.3
194100,158.4,0.29,0.21,6.5,113.3,80.1
194200,162.5,-0.08,0.15,9.8,156.2,73.2
194300,118.0,0.59,-0.16,5.6,57.8,83.4
194400,156.3,0.46,0.12,8.1,127.1,83.1
194500,79.2,-0.03,-0.65,4.3,22.7,88.3
194600,228.0,1.05,0.13,12.1,357.3,87.6
194700,171.6,-0.33,0.06,9.5,170.1,77.7
194800,228.0,-1.05,-0.63,9.9,310.5,97.4
194900,274.1,-0.17,0.77,14.1,579.4,77.7
195000,179.3,0.78,-0.51,9.3,183.5,86.6
195100,235.0,-0.64,-0.25,9.2,313.5,83.9
195200,235.0,0.09,0.66,11.9,375.6,88.0
195300,112.2,0.25,0.51,6.4,56.6,81.5
195400,130.0,0.22,0.15,7.4,83.1,78.0
195500,261.1,-0.56,-0.63,14.0,522.9,83.9
195600,286.8,0.32,-0.82,15.9,697.6,86.5
195700,158.4,-0.31,-0.01,7.9,128.7,74.1
195800,199.0,0.24,-1.03,7.8,201.3,90.1
195900,123.9,0.2,-0.06,6.8,71.5,77.4
196000,81.6,-0.28,-0.31,4.5,24.5,78.1
196100,188.7,0.14,0.68,10.5,220.5,78.4
196200,196.6,-0.24,0.45,11.0,247.5,83.8
196300,209.8,-0.22,0.67,9.1,247.7,84.5
196400,273.1,0.06,-0.89,12.4,524.0,85.7
196500,202.3,-0.03,0.7,9.0,227.9,84.8
196600,129.4,-0.42,0.11,4.8,64.1,79.1
196700,176.2,1.19,0.82,9.3,177.7,103.5
196800,256.6,-0.2,0.68,10.7,415.6,81.7
196900,106.7,-0.66,-0.77,4.9,43.8,89.1
197000,168.2,0.57,-0.23,8.6,153.5,82.4
197100,132.2,0.5,-0.14,5.9,75.0,76.3
197200,192.6,1.31,0.04,9.9,220.7,102.9
197300,118.9,-0.21,-0.31,4.7,53.2,81.7
197400,271.3,-0.48,0.43,12.8,529.4,80.7
197500,134.0,0.0,-0.03,6.2,79.3,79.4
197600,251.1,0.58,-0.48,15.3,518.6,80.8
197700,249.3,-0.11,0.57,11.6,413.9,78.3
197800,71.4,0.23,-0.14,2.4,14.3,75.1
197900,283.1,-0.79,0.42,12.9,578.2,82.6
198000,219.6,-0.36,0.42,12.6,342.6,78.8
198100,247.5,-1.01,-1.44,14.1,472.1,112.4
198200,220.8,-0.69,0.12,13.1,355.7,81.9
198300,230.7,-0.97,-0.08,11.0,341.8,88.0
198400,209.6,0.26,0.08,8.7,239.4,70.5
198500,260.5,-0.26,-0.77,13.4,504.0,88.1
198600,229.5,-0.45,0.2,11.2,342.2,77.0
198700,203.4,0.34,-1.04,10.4,255.7,90.4
198800,248.4,-0.49,-0.15,10.6,385.6,82.8
198900,101.6,-1.11,0.38,7.8,52.3,99.8
199000,131.8,0.13,-1.23,8.3,91.7,95.6
199100,201.6,-0.22,0.57,10.2,246.7,81.3
199200,107.4,0.24,0.78,6.0,50.0,90.4
199300,167.4,-0.0,-0.3,8.9,155.0,76.5
199400,165.2,0.55,-0.01,8.5,146.9,75.8
199500,259.6,-0.95,0.26,11.8,455.5,89.1
199600,268.6,-0.55,0.66,15.1,587.7,83.7
199700,121.8,0.38,0.21,4.8,56.5,75.1
199800,271.7,0.07,0.46,12.9,534.1,76.6
199900,156.4,-0.11,-0.09,6.8,113.9,72.5
200000,282.1,0.4,0.24,13.0,579.0,78.2
200100,60.1,-0.43,0.73,1.8,9.3,83.3
200200,173.2,-0.54,-0.73,7.9,153.1,85.8
200300,107.6,0.79,-0.71,6.5,52.3,93.4
200400,189.9,-0.47,-0.69,10.1,218.6,81.6
200500,141.8,-0.06,-0.08,8.9,111.1,77.1
200600,269.9,-0.23,-0.33,15.3,598.4,80.2
200700,181.0,0.72,-0.16,7.0,154.7,81.0
200800,157.3,1.08,-0.6,5.7,103.9,95.9
200900,162.1,0.01,0.05,7.6,131.7,74.9
201000,234.6,-0.26,0.02,10.3,336.4,75.8
201100,152.1,0.53,-0.31,5.6,96.1,81.6
201200,68.7,-0.7,0.54,3.7,15.8,82.9
201300,238.2,-0.92,0.54,11.7,382.1,91.5
201400,81.4,0.53,0.12,5.3,26.6,84.1
201500,173.7,0.94,0.35,8.9,167.2,86.4
201600,89.4,-1.17,-0.16,3.5,26.3,94.5
201700,239.6,-0.31,-0.19,11.0,369.0,76.5
201800,192.7,0.46,-0.16,7.9,190.7,79.7
201900,254.0,0.92,-0.04,9.8,381.3,85.9
202000,185.9,1.1,-0.4,7.5,170.9,94.6
202100,180.6,-0.26,-0.36,8.5,175.5,80.5
202200,189.8,-0.51,0.16,8.4,192.2,83.8
202300,128.5,-0.41,0.17,6.9,77.3,74.9
202400,63.9,0.3,-0.27,3.3,13.0,80.7
202500,165.1,-0.41,-0.87,6.4,122.5,87.4
202600,289.0,-0.15,0.47,16.4,727.0,76.3
202700,281.4,0.97,-0.54,15.8,666.6,93.4
202800,64.0,0.07,-0.96,4.1,14.4,84.6
202900,182.3,-0.12,0.18,8.5,178.5,75.6
203000,167.0,-0.73,-0.19,7.6,138.7,83.3
203100,158.1,-0.51,0.27,9.3,142.1,80.0
203200,73.8,-0.21,0.55,5.0,21.2,82.0
203300,98.6,0.49,0.34,5.0,37.8,76.9
203400,235.9,0.23,0.58,12.0,381.7,82.3
203500,114.1,-0.39,-0.35,7.3,63.6,78.6
203600,255.3,-0.19,-0.27,9.9,388.1,76.4
203700,253.8,0.47,1.02,12.6,457.2,90.0
203800,213.0,-0.03,-0.95,10.3,278.5,89.2
203900,120.8,0.83,-0.84,5.5,59.9,96.3
204000,164.4,-0.16,0.13,6.2,119.1,75.6
204100,227.7,0.24,1.09,10.1,312.1,96.2
204200,62.5,-0.38,-1.03,3.8,13.2,93.3
204300,226.2,-0.34,0.61,10.6,320.8,75.6
204400,250.5,0.39,-0.33,12.0,429.3,78.7
204500,64.8,0.56,0.14,5.0,16.3,79.6
204600,169.1,0.42,-0.3,7.3,139.2,79.5
204700,142.3,0.36,-0.1,7.3,98.6,75.7
204800,124.8,1.13,0.61,4.6,58.3,98.6
204900,102.2,0.13,-0.04,4.5,38.7,73.2
205000,102.5,0.48,0.28,3.9,36.3,74.1
205100,201.6,0.28,0.69,9.7,238.5,80.5
205200,111.2,-0.05,0.68,6.2,54.6,82.6
205300,82.6,-0.59,-0.51,3.7,22.8,88.5
205400,137.9,-0.22,-0.77,8.4,101.5,86.8
205500,224.9,0.18,0.79,11.7,339.6,82.8
205600,264.4,0.01,0.16,14.8,561.5,73.4
205700,183.2,-0.7,0.4,9.1,188.0,83.9
205800,60.8,-0.83,-0.59,3.1,11.5,89.4
205900,73.9,-0.58,0.3,2.9,16.5,80.6
206000,88.2,1.01,0.8,4.3,28.2,101.8
206100,205.1,-0.36,-1.29,10.0,252.7,97.0
206200,134.4,0.44,-0.53,8.2,95.0,82.7
206300,271.7,-0.19,-0.16,13.5,550.0,76.4
206400,80.4,-0.15,0.32,4.8,24.7,76.4
206500,130.7,-0.82,0.25,4.7,64.7,84.3
206600,163.5,-0.48,0.04,7.4,130.8,78.9
206700,216.3,0.48,-0.11,10.1,282.7,76.6
206800,264.7,-0.34,-0.89,12.4,492.5,86.2
206900,119.1,1.11,-0.01,5.3,57.0,93.5
207000,75.1,-0.21,0.79,3.8,19.2,87.8
207100,265.4,-0.54,0.37,13.2,518.0,78.0
207200,276.5,-0.8,-1.16,15.9,649.6,104.2
207300,257.3,-0.08,-0.53,12.8,475.6,81.8
207400,207.1,-1.03,0.32,9.3,245.5,91.2
207500,149.4,-0.67,-0.07,6.3,98.8,81.2
207600,278.4,-0.07,0.6,15.6,648.8,79.0
207700,182.0,0.65,0.08,9.6,193.9,81.0
207800,99.3,-0.01,0.81,6.1,42.8,84.1
207900,183.2,0.19,-0.36,8.1,174.1,74.6
208000,209.4,-0.43,-0.72,8.7,239.4,91.3
208100,133.8,0.12,0.24,5.5,73.5,74.8
208200,249.0,1.0,0.61,11.6,412.5,92.7
208300,270.9,-1.31,0.47,11.7,492.2,106.6
208400,281.7,1.76,-0.13,12.5,558.5,116.8
208500,62.5,-0.21,0.52,3.0,12.0,78.9
208600,277.6,1.24,-0.26,11.6,514.6,98.0
208700,152.0,-0.12,-0.13,8.5,124.4,71.6
208800,128.4,0.27,0.69,4.3,59.2,81.5
208900,117.1,-1.35,0.19,4.6,51.4,102.3
209000,259.1,0.69,1.09,11.7,451.6,100.9
209100,216.3,-0.69,-0.44,11.4,307.2,82.1
209200,194.6,-1.39,-0.56,6.6,173.9,107.6
209300,276.8,0.01,-0.43,12.2,529.3,75.5
209400,231.1,0.43,-0.14,10.5,331.2,81.7
209500,167.5,-0.32,-0.2,9.1,157.5,76.1
209600,144.9,0.5,-0.52,6.6,96.1,80.1
209700,67.8,0.06,-0.0,1.7,11.5,76.0
209800,265.6,0.25,-0.62,11.1,455.7,81.0
209900,148.7,0.79,-0.43,8.3,116.6,88.9
210000,109.1,-0.14,0.39,5.6,49.3,77.5
210100,68.0,1.23,-0.67,3.5,15.1,105.2
210200,245.6,-0.29,-0.01,12.1,416.1,73.7
210300,274.1,1.49,-0.7,13.8,571.0,117.2
210400,277.3,-0.15,-0.92,14.8,617.4,89.7
210500,90.2,0.37,0.39,1.2,18.8,74.1
210600,252.5,0.33,0.28,11.0,410.5,77.3
210700,249.2,-0.4,0.17,11.4,409.9,75.7
210800,96.0,0.66,-0.73,6.2,40.7,88.7
210900,103.6,0.51,-0.87,4.8,41.0,91.6
211000,79.6,-0.51,0.46,2.1,16.9,86.7
211100,173.2,0.9,0.31,7.5,149.0,91.1
211200,163.5,0.35,0.14,6.7,123.0,77.5
211300,127.2,0.86,-0.58,7.9,82.9,88.8
211400,179.1,-0.84,-0.03,8.0,165.9,84.2
211500,257.9,-0.9,-0.21,13.2,489.3,87.7
211600,112.3,0.6,0.3,4.9,48.7,84.6
211700,95.3,-0.09,0.22,4.6,33.7,76.6
211800,152.2,1.26,-0.15,7.8,118.0,92.8
211900,224.2,0.59,-0.17,12.0,343.1,76.4
212000,266.9,-0.15,-0.14,12.4,499.4,74.7
212100,190.0,-0.53,1.2,8.6,195.8,103.4
212200,126.3,-0.63,0.44,6.2,70.2,79.1
212300,167.9,-0.5,0.6,6.5,128.1,84.7
212400,97.3,-0.34,-0.41,5.6,39.3,78.3
212500,104.7,-0.32,0.46,3.1,34.0,78.3
212600,147.2,-0.24,-0.36,6.7,100.3,75.8
212700,147.5,-0.05,0.21,5.8,92.7,79.8
212800,95.0,-0.05,1.04,4.1,31.8,88.4
212900,228.1,-1.12,0.37,9.7,305.9,97.4
213000,279.9,-0.67,0.55,14.2,609.5,83.9
213100,110.5,0.0,0.55,4.3,44.2,81.3
213200,176.9,0.66,0.26,8.7,171.1,80.1
213300,260.9,-0.2,-0.12,14.2,528.1,78.6
213400,147.9,-0.39,0.26,7.8,110.8,74.5
213500,273.0,0.71,0.56,14.7,595.2,85.8
213600,79.4,0.1,0.63,5.2,25.0,81.0
213700,195.1,-0.41,-0.02,11.2,247.4,76.8
213800,113.7,0.03,-0.36,4.9,49.7,76.4
213900,248.9,-0.72,0.77,10.4,381.9,93.2
214000,264.5,0.84,-0.56,13.5,522.5,88.6
214100,86.7,-0.89,-0.07,4.3,27.3,81.7
214200,183.9,0.8,-0.18,8.4,179.7,85.6
214300,273.8,1.3,-1.04,13.7,565.5,114.1
214400,174.3,0.65,-0.02,7.8,154.7,81.8
214500,172.1,0.07,-0.32,6.5,134.4,83.1
214600,113.3,-0.09,0.21,7.1,61.1,74.8
214700,71.4,0.75,0.74,3.3,16.2,91.0
214800,76.1,-0.91,-0.9,4.7,21.8,101.1
214900,173.9,-0.23,-0.5,7.6,151.4,80.7
215000,155.9,-0.55,-0.8,6.6,111.0,86.3
215100,160.2,-0.06,0.53,9.2,145.4,75.6
215200,204.7,-0.22,0.29,10.4,258.7,73.5
215300,67.0,0.19,0.72,4.7,16.9,86.4
215400,262.1,-0.39,-0.17,14.0,527.5,78.3
215500,266.1,0.06,0.28,13.4,525.8,74.4
215600,266.4,0.04,-0.36,13.8,540.1,74.3
215700,278.4,-0.4,-0.35,11.4,511.7,80.2
215800,203.8,0.4,0.12,8.4,221.1,79.5
215900,76.7,-0.24,-0.33,5.7,24.8,76.6
216000,102.1,0.65,-0.32,5.5,42.7,82.9
216100,213.3,-1.07,-0.17,9.8,268.7,90.5
216200,255.9,1.28,-0.32,12.6,463.4,99.5
216300,251.5,0.15,0.32,12.9,457.2,75.1
216400,104.7,-0.16,-0.26,5.5,44.8,74.1
216500,232.4,-0.51,0.72,12.0,368.7,86.9
216600,178.3,0.88,0.02,9.5,184.2,85.7
216700,98.1,-0.58,-0.27,5.6,39.9,82.8
216800,134.6,-0.87,0.63,5.5,74.4,88.5
216900,198.3,0.81,-0.43,13.2,289.4,87.0
217000,99.6,0.22,1.28,4.4,36.3,95.6
217100,102.7,-0.03,0.14,5.1,41.7,70.3
217200,114.8,-0.11,-1.23,6.3,58.5,97.5
217300,239.3,-0.24,0.62,11.9,389.3,84.7
217400,153.8,-0.85,-0.24,6.9,111.3,88.4
217500,63.6,1.03,0.33,1.1,9.2,91.8
217600,80.9,0.06,0.46,3.5,21.3,77.3
217700,175.1,0.6,0.11,8.6,166.3,78.7
217800,232.9,0.21,0.54,11.5,360.6,82.6
217900,202.4,-0.54,0.6,10.6,256.4,84.1
218000,72.9,1.02,0.58,1.6,13.1,93.2
218100,221.9,-0.37,0.53,10.1,297.7,80.0
218200,223.7,-0.08,-0.41,8.0,257.4,79.6
218300,79.3,0.31,0.6,3.0,19.3,81.3
218400,144.1,0.28,0.73,5.9,88.5,87.7
218500,188.9,0.54,-0.44,9.6,208.4,82.1
218600,110.5,-0.16,-0.1,5.8,51.5,77.3
218700,81.9,0.37,-1.08,2.9,20.1,94.6
218800,288.1,-0.25,0.48,13.0,601.8,82.7
218900,112.8,-0.05,0.66,3.5,41.8,77.0
219000,173.3,0.74,0.56,7.9,154.1,90.3
219100,66.6,0.73,-1.21,4.5,16.3,103.6
219200,105.4,0.33,-0.2,4.9,42.7,75.6
219300,158.5,0.23,0.14,9.2,142.3,79.6
219400,221.4,0.11,-0.1,11.6,327.2,72.7
219500,286.5,0.85,0.21,13.9,625.3,86.0
219600,209.9,-0.11,-1.0,10.4,272.6,90.5
219700,226.5,0.07,0.45,10.7,322.2,78.0
219800,264.4,0.09,-0.09,12.3,487.7,76.7
219900,252.7,0.41,0.42,13.5,478.2,79.1
220000,91.6,0.1,-0.38,4.5,31.1,76.6
220100,151.3,0.53,-0.87,9.3,130.3,92.0
220200,253.4,-0.38,0.3,13.0,467.7,82.1
220300,249.4,-0.73,-0.2,11.9,422.9,81.3
220400,265.8,0.16,0.08,15.3,581.0,72.8
220500,73.6,0.01,-0.79,4.4,19.7,83.4
220600,129.6,-0.24,0.23,7.5,83.1,73.8
220700,115.6,-1.28,-1.14,7.3,65.2,111.5
220800,208.6,-0.04,-0.19,9.5,252.2,71.5
220900,174.1,-0.53,-1.26,9.0,169.6,100.1
221000,207.6,-0.13,-0.33,10.7,271.2,79.3
221100,244.1,0.11,-0.51,10.7,373.9,78.7
221200,256.2,0.16,0.31,11.6,437.5,76.5
221300,198.9,-0.77,0.43,8.8,216.8,87.2
221400,90.7,0.51,-0.06,5.1,32.4,76.2
221500,278.3,-1.0,1.12,11.8,524.0,108.1
221600,128.5,-0.48,-1.13,5.9,70.7,96.2
221700,127.4,-0.76,1.02,9.1,91.5,94.1
221800,60.6,-0.73,0.46,2.3,10.1,86.0
221900,238.7,0.02,0.78,10.4,351.4,86.1
222000,190.1,-1.29,-0.55,10.4,223.0,101.9
222100,111.6,0.37,0.17,3.9,43.0,79.0
222200,258.0,-0.18,-0.68,13.8,505.1,81.7
222300,105.5,0.11,0.23,3.3,35.4,78.2
222400,264.0,-0.09,0.35,11.9,473.8,80.2
222500,262.2,0.1,0.46,12.0,470.7,79.3
222600,267.6,-1.03,-0.33,15.5,595.6,94.3
222700,274.5,-0.69,0.25,13.2,552.1,83.8
222800,136.0,0.06,-0.45,6.4,83.1,76.3
222900,132.2,-0.37,0.26,5.9,74.8,83.4
223000,287.4,-0.75,0.5,15.4,682.1,88.4
223100,102.1,-0.35,-0.23,2.4,29.2,75.3
223200,143.7,-0.15,0.29,9.6,120.3,77.8
223300,198.6,-0.56,-0.18,8.4,210.1,78.0
223400,249.8,0.21,0.41,12.4,438.5,72.6
223500,255.8,-0.49,-0.45,13.1,477.8,79.0
223600,204.9,-0.51,-0.52,8.0,217.3,79.5
223700,196.1,1.16,0.29,8.4,205.5,92.3
223800,99.9,-0.96,0.54,3.5,32.6,93.5
223900,156.5,0.05,-0.28,6.8,114.4,77.6
224000,136.6,0.3,-0.5,8.4,99.5,82.3
224100,69.8,1.51,-0.17,5.0,19.0,107.5
224200,206.1,0.99,0.1,10.2,258.2,87.5
224300,66.1,0.26,-0.65,5.4,17.8,80.1
224400,280.1,-0.62,0.2,13.4,581.8,84.5
224500,165.9,0.94,0.6,6.8,128.0,93.3
224600,195.8,-0.54,-0.25,10.3,235.5,77.5
224700,196.6,0.13,-0.25,7.8,196.3,77.6
224800,193.4,1.09,-0.19,9.0,208.3,91.4
224900,69.3,1.13,-0.35,2.1,12.9,99.4
225000,149.8,0.11,-0.84,7.0,106.2,86.7
225100,272.6,0.05,-0.46,12.2,513.4,79.1
225200,167.7,0.63,-0.98,7.4,138.0,96.8
225300,236.4,0.9,0.13,11.5,369.6,83.5
225400,139.8,-0.61,0.05,8.1,101.3,80.6
225500,176.8,-0.04,-0.08,8.1,162.3,74.9
225600,263.7,1.07,-0.35,13.1,509.0,92.1
225700,200.0,0.0,0.73,11.0,256.0,88.6
225800,189.1,0.32,0.57,10.3,219.8,80.7
225900,177.1,-0.0,-0.27,6.0,135.2,76.9
226000,255.1,-1.4,0.05,11.5,432.2,103.5
226100,276.3,0.67,0.13,14.1,589.6,77.7
226200,102.1,-0.5,-0.64,6.0,45.3,83.8
226300,145.7,0.6,-0.21,7.7,106.5,79.7
226400,206.0,-1.66,-0.25,8.5,227.2,112.0
226500,118.6,-0.89,0.27,4.3,50.8,89.7
226600,193.0,0.36,-0.39,10.2,227.0,77.5
226700,186.9,-0.1,-0.52,9.6,204.2,76.4
226800,133.5,-0.18,0.38,5.8,75.5,76.5
226900,78.3,-0.7,0.49,2.9,18.4,81.7
227000,265.5,-0.1,-0.39,13.6,528.6,79.2
227100,204.2,-0.2,-1.05,11.0,266.8,93.0
227200,283.1,1.37,0.57,13.6,600.8,105.5
227300,94.6,-0.3,-0.18,6.8,41.6,75.1
227400,252.0,0.02,-0.53,13.9,485.5,79.2
227500,217.7,0.23,0.66,11.6,315.9,86.7
227600,184.4,0.14,-0.3,9.6,198.5,73.9
227700,197.8,0.27,-0.42,9.2,222.3,77.9
227800,115.8,0.27,0.28,4.6,50.1,75.8
227900,270.2,0.11,0.3,11.5,485.6,79.1
228000,202.8,-0.76,0.94,10.5,255.0,97.9
228100,273.0,0.03,0.86,12.5,525.3,87.0
228200,182.6,-0.09,-0.22,7.5,164.7,75.9
228300,128.9,0.92,0.2,6.0,71.7,86.4
228400,276.2,-0.57,0.79,13.4,567.5,85.8
228500,288.9,-0.35,0.6,12.4,586.2,80.7
228600,169.6,0.53,-1.8,8.9,159.5,125.9
228700,266.2,-1.06,0.62,11.9,480.8,94.8
228800,112.7,0.3,0.16,3.6,42.2,74.3
228900,84.7,-0.16,0.04,4.9,27.7,74.7
229000,115.3,1.02,-0.01,6.1,58.2,94.3
229100,142.8,0.14,0.28,9.5,118.2,76.4
229200,189.2,-1.71,0.87,11.2,232.1,126.9
229300,176.0,0.02,-0.1,7.3,150.1,78.4
229400,185.7,-0.82,0.72,8.1,179.1,89.5
229500,133.6,-0.34,-0.41,5.4,72.7,84.7
229600,109.2,0.82,-0.34,7.0,56.5,88.0
229700,175.9,0.13,0.51,7.7,155.9,80.2
229800,120.1,-0.25,-0.92,6.0,62.2,85.9
229900,222.7,-0.09,0.22,11.9,337.5,77.2
230000,263.5,0.13,0.76,13.7,524.3,78.4
230100,286.6,-1.25,1.01,13.7,619.2,109.9
230200,275.5,0.02,1.02,12.3,528.5,90.3
230300,216.3,1.75,-0.32,10.6,292.2,118.7
230400,255.2,-0.34,-0.5,13.9,497.8,81.7
230500,95.8,-0.13,-1.15,3.0,28.2,95.2
230600,228.2,-0.07,0.86,10.5,324.1,85.0
230700,91.4,-0.98,0.05,6.6,38.2,86.5
230800,202.4,-0.45,-1.04,9.4,236.3,90.2
230900,207.5,-0.51,0.92,10.0,257.5,91.1
231000,90.4,0.61,-0.26,4.0,28.4,83.2
231100,116.4,0.11,-0.38,5.5,55.5,74.0
231200,197.5,-0.83,-0.75,9.9,233.1,89.9
231300,228.5,-0.35,1.55,13.0,379.5,107.8
231400,191.0,0.21,-0.42,8.4,195.1,77.0
231500,173.9,0.14,0.16,8.2,158.9,72.5
231600,93.2,0.06,0.5,5.5,35.7,82.8
231700,155.0,-0.53,-0.61,7.6,120.1,84.7
231800,103.4,0.81,0.96,6.1,46.9,97.2
231900,183.2,-0.17,0.5,11.2,217.7,82.8
232000,271.7,1.1,-0.21,12.1,508.5,94.1
232100,259.8,-0.37,1.11,12.6,479.9,94.5
232200,141.1,0.26,-0.06,7.4,97.9,74.4
232300,203.0,0.83,0.08,6.5,186.4,82.8
232400,220.4,0.3,0.06,10.0,290.8,79.8
232500,277.0,0.27,-0.04,13.3,565.4,78.0
232600,105.9,-1.06,0.13,5.0,43.7,94.1
232700,284.6,-0.04,0.5,13.3,599.9,78.8
232800,101.1,0.2,-1.51,5.0,40.0,99.9
232900,69.2,-1.56,0.43,4.9,18.5,111.7
233000,111.5,-0.66,0.08,6.8,57.7,80.0
233100,122.0,0.44,0.21,7.5,73.4,78.8
233200,192.6,-1.47,1.23,9.8,219.1,124.4
233300,280.7,1.09,0.57,10.9,504.0,95.0
233400,286.8,-0.24,-0.23,12.4,577.6,72.8
233500,251.0,-0.63,-1.06,11.9,429.4,97.4
233600,139.7,-0.58,-0.18,6.5,88.3,83.0
233700,248.2,-0.1,-0.57,12.3,429.9,83.4
233800,261.5,0.46,-1.17,12.4,478.7,97.6
233900,197.7,0.81,0.66,9.9,233.6,87.8
234000,231.5,-0.16,1.03,12.5,377.2,91.2
234100,143.7,0.84,0.23,5.7,86.3,82.4
234200,255.2,0.21,-0.56,11.9,443.3,81.9
234300,210.6,-0.17,0.22,10.2,270.1,77.4
234400,168.9,0.17,0.21,7.9,145.6,77.1
234500,281.6,0.79,-0.66,12.6,562.6,91.1
234600,61.3,-0.07,0.35,1.5,9.1,78.9
234700,132.7,-0.5,0.11,7.2,84.6,72.8
234800,94.1,-0.24,0.23,5.6,36.8,79.3
234900,221.4,0.02,0.09,9.2,278.5,75.3
235000,129.2,-0.26,0.93,6.0,71.9,91.1
235100,226.2,0.04,0.98,11.3,335.8,87.5
235200,92.9,-0.12,0.25,3.2,27.2,76.8
235300,241.7,-0.48,-0.4,11.2,380.6,83.7
235400,249.9,-0.99,0.92,10.4,385.7,102.2
235500,288.5,0.29,-0.39,13.1,609.1,81.1
235600,69.6,0.38,0.18,2.2,13.2,80.3
235700,85.7,-0.35,0.17,3.4,23.7,81.7
235800,179.0,-0.39,0.15,8.0,164.8,77.9
235900,159.2,0.44,0.17,7.9,130.0,79.6
236000,236.8,-0.49,-0.42,9.9,333.5,78.0
236100,138.3,-0.87,0.18,7.9,97.6,81.1
236200,102.1,-0.77,-0.42,5.9,44.5,82.3
236300,82.8,-0.44,-0.3,3.6,22.9,83.1
236400,166.2,-0.33,-0.4,8.6,149.8,78.7
236500,81.0,-0.17,0.07,1.7,16.6,75.3
236600,65.1,-0.13,0.4,2.2,11.6,78.1
236700,221.3,-0.01,0.4,12.6,347.4,74.1
236800,288.2,-0.75,-0.28,14.1,642.3,83.3
236900,273.5,0.42,-0.24,10.4,462.1,78.4
237000,170.0,0.2,-0.12,7.4,142.0,74.9
237100,189.0,-1.26,-0.02,8.1,185.6,97.2
237200,61.6,0.21,-0.05,1.7,9.4,74.2
237300,159.9,0.26,-0.22,6.4,115.1,76.3
237400,236.4,0.15,-0.34,13.1,407.6,78.8
237500,284.8,0.63,-0.58,12.8,583.2,86.7
237600,174.6,0.2,-0.65,8.5,163.2,77.1
237700,236.6,1.32,0.07,13.3,414.7,101.2
237800,131.3,-0.93,0.55,8.1,89.6,92.5
237900,182.3,-0.27,0.52,8.5,178.1,79.2
238000,254.3,-0.63,-1.59,8.8,354.6,114.8
238100,163.6,-0.2,-1.23,9.2,152.1,94.0
238200,232.1,-0.44,-0.51,10.3,330.9,82.8
238300,141.8,0.68,-0.8,8.1,105.0,91.9
238400,159.8,0.24,-0.57,6.8,119.1,81.1
238500,180.3,-0.08,-0.22,8.8,178.8,73.9
238600,262.6,-0.88,-0.55,11.0,441.4,89.1
238700,181.4,0.41,0.44,9.6,191.6,81.2
238800,289.7,-0.26,-0.09,14.6,665.8,76.5
238900,165.9,-1.09,-1.03,6.5,124.7,109.9
239000,142.1,0.13,-0.09,6.8,93.6,74.2
239100,213.4,-0.12,0.95,12.0,310.9,90.9
239200,163.0,-0.15,-0.52,10.0,159.5,75.3
239300,274.4,1.05,0.44,13.2,552.6,98.1
239400,114.9,-0.39,-0.12,6.6,60.3,79.3
239500,225.3,0.12,0.34,10.6,316.9,75.8
239600,247.3,-0.68,-0.36,11.4,402.2,83.4
239700,162.3,0.63,-0.84,8.8,144.5,94.5
239800,124.2,0.02,0.23,4.0,54.0,73.6
239900,268.4,0.14,0.65,13.2,529.8,80.3
