Cycle_Count,NMC_Capacity_kWh,LFP_Capacity_kWh,Cell_Temp_Avg_C,Internal_Resistance_mOhm,Coulombic_Efficiency_pct,Battery_Health_pct
1,-6.79,59.35,27.2,15.36,100.0,-8.3
2,61.38,102.43,27.3,14.73,99.852,74.9
4,52.19,102.43,28.6,15.11,99.842,63.6
5,65.43,79.24,28.7,14.82,99.96,79.8
7,60.59,118.11,27.7,15.4,99.881,73.9
8,92.4,99.6,25.4,14.55,99.865,112.7
10,109.73,69.61,29.4,15.58,99.922,133.8
11,62.03,90.11,27.4,15.02,99.867,75.6
13,148.09,68.09,32.1,14.6,99.852,180.6
14,57.6,113.62,26.3,16.16,99.899,70.2
16,64.52,61.34,28.8,15.84,99.949,78.7
17,101.17,32.64,27.9,15.48,99.926,123.4
19,75.65,99.27,29.1,15.67,99.872,92.3
20,106.71,64.69,27.4,15.69,99.902,130.1
22,112.42,111.97,29.6,15.02,99.889,137.1
23,50.47,104.82,28.6,15.91,99.836,61.5
24,75.52,64.45,26.2,14.69,99.855,92.1
26,16.86,82.95,26.9,14.86,99.913,20.6
27,-3.72,96.87,27.0,16.05,99.945,-4.5
29,59.32,78.28,28.8,16.33,99.935,72.3
30,71.79,115.18,28.8,15.09,99.901,87.5
32,26.15,83.06,29.1,15.21,99.896,31.9
33,137.65,48.91,27.0,15.98,99.838,167.9
35,119.7,62.88,27.7,15.74,99.916,146.0
36,86.09,61.41,27.9,15.02,99.887,105.0
38,68.84,74.14,27.8,16.68,99.857,84.0
39,76.16,43.18,28.6,15.65,99.849,92.9
41,75.57,119.79,30.1,16.87,99.845,92.2
42,55.11,105.82,28.8,15.87,99.859,67.2
44,79.2,60.1,30.6,16.63,99.902,96.6
45,60.62,36.49,28.7,15.45,99.926,73.9
46,70.75,64.93,26.2,15.47,99.871,86.3
48,97.85,98.51,29.4,15.12,99.857,119.3
49,106.26,85.34,27.6,16.31,99.914,129.6
51,112.46,79.96,25.9,15.62,99.886,137.1
52,65.6,34.92,29.8,15.8,99.804,80.0
54,85.31,39.7,28.3,15.83,99.865,104.0
55,19.09,50.86,25.6,15.59,99.956,23.3
57,73.64,51.57,26.5,15.51,99.848,89.8
58,15.95,127.33,29.0,16.4,99.828,19.5
60,114.0,110.33,26.9,15.12,99.886,139.0
61,74.95,81.53,29.4,15.87,99.885,91.4
63,118.67,85.55,29.5,16.74,99.776,144.7
64,81.36,44.61,28.1,15.41,99.827,99.2
66,47.71,58.92,29.1,15.29,99.785,58.2
67,86.48,71.25,28.5,15.84,99.895,105.5
68,82.37,67.98,28.7,14.74,99.788,100.5
70,60.0,82.57,32.2,15.43,99.826,73.2
71,10.62,83.44,27.7,15.8,99.879,13.0
73,101.3,94.91,29.3,15.04,99.842,123.5
74,106.04,78.89,29.9,16.37,99.868,129.3
76,92.62,110.28,30.7,16.23,99.846,113.0
77,76.41,54.88,28.9,16.15,99.837,93.2
79,96.95,88.12,29.8,15.88,99.8,118.2
80,62.88,80.55,29.5,16.54,99.83,76.7
82,47.58,98.86,28.2,15.86,99.844,58.0
83,111.54,113.63,28.9,15.08,99.875,136.0
85,20.06,86.47,28.7,16.12,99.762,24.5
86,118.33,83.79,28.3,16.33,99.895,144.3
88,61.1,88.09,28.7,15.25,99.865,74.5
89,68.45,43.73,25.1,16.17,99.799,83.5
90,12.74,85.83,30.9,16.25,99.9,15.5
92,93.43,98.51,28.4,16.35,99.832,113.9
93,73.51,64.46,28.1,16.29,99.782,89.6
95,58.7,79.58,29.4,16.33,99.789,71.6
96,47.08,32.19,27.7,17.22,99.852,57.4
98,82.04,77.26,29.7,16.07,99.833,100.0
99,17.37,96.22,27.7,16.19,99.834,21.2
101,113.95,67.56,30.4,16.74,99.785,139.0
102,105.3,67.76,30.4,16.9,99.79,128.4
104,74.81,149.24,28.7,16.47,99.811,91.2
105,104.97,71.06,28.4,17.08,99.817,128.0
107,126.28,111.27,27.5,16.72,99.868,154.0
108,32.28,77.47,27.6,16.14,99.834,39.4
110,49.35,72.77,28.9,16.97,99.845,60.2
111,151.1,66.43,25.7,16.85,99.759,184.3
112,48.3,100.5,29.7,17.27,99.824,58.9
114,41.73,36.28,30.3,16.1,99.816,50.9
115,115.16,104.25,28.9,17.03,99.876,140.4
117,38.4,135.82,29.1,16.14,99.785,46.8
118,128.93,67.38,28.3,16.29,99.823,157.2
120,96.98,102.1,26.0,16.95,99.819,118.3
121,86.09,111.26,30.4,16.94,99.857,105.0
123,64.81,62.59,27.5,17.2,99.883,79.0
124,67.85,104.22,26.9,16.71,99.818,82.7
126,73.45,71.69,29.9,16.88,99.824,89.6
127,108.74,86.82,27.8,16.02,99.792,132.6
129,30.1,105.85,28.1,16.17,99.73,36.7
130,58.81,120.69,28.8,16.87,99.785,71.7
132,98.3,139.93,28.7,17.13,99.803,119.9
133,99.28,39.19,29.0,16.64,99.827,121.1
134,34.45,55.4,29.9,16.74,99.722,42.0
136,59.54,73.76,29.8,16.46,99.797,72.6
137,110.27,73.23,27.6,16.42,99.842,134.5
139,93.39,66.9,27.5,17.13,99.802,113.9
140,46.82,74.43,27.5,17.02,99.777,57.1
142,145.23,54.08,26.0,17.1,99.841,177.1
143,108.95,83.34,28.1,16.52,99.828,132.9
145,56.86,58.91,26.9,17.59,99.742,69.3
146,120.6,120.34,29.1,16.61,99.724,147.1
148,27.76,103.21,28.3,16.86,99.788,33.9
149,117.04,86.28,30.5,15.98,99.829,142.7
151,125.87,54.09,28.5,16.82,99.763,153.5
152,124.03,57.65,29.0,17.04,99.82,151.3
154,79.04,101.22,28.4,16.89,99.812,96.4
155,93.86,92.5,26.6,17.74,99.735,114.5
156,105.67,98.7,27.6,17.0,99.793,128.9
158,76.73,89.43,27.5,15.63,99.742,93.6
159,106.73,78.1,28.6,16.72,99.767,130.2
161,72.0,75.07,28.6,17.6,99.816,87.8
162,59.01,81.21,30.3,17.22,99.902,72.0
164,68.51,36.38,28.0,17.65,99.803,83.5
165,115.71,96.02,27.7,17.5,99.669,141.1
167,50.65,35.69,29.4,17.14,99.793,61.8
168,74.93,105.14,26.7,17.53,99.794,91.4
170,52.89,99.32,31.9,17.45,99.789,64.5
171,48.2,76.66,31.4,17.1,99.743,58.8
173,92.92,11.62,30.5,16.8,99.797,113.3
174,54.47,89.84,27.3,17.2,99.733,66.4
176,103.4,77.19,29.7,17.6,99.707,126.1
177,60.88,158.01,29.2,17.59,99.747,74.2
179,133.3,75.85,26.8,18.2,99.769,162.6
180,57.88,90.94,30.1,17.39,99.766,70.6
181,79.23,64.99,28.1,18.15,99.829,96.6
183,135.11,47.48,27.9,18.38,99.813,164.8
184,69.1,98.29,28.8,17.87,99.744,84.3
186,97.5,117.66,30.4,17.33,99.798,118.9
187,10.55,34.47,29.6,17.26,99.741,12.9
189,73.52,90.05,30.7,17.4,99.819,89.7
190,4.44,75.85,26.0,17.96,99.73,5.4
192,56.05,99.07,28.4,17.63,99.846,68.4
193,108.26,86.45,28.9,18.25,99.804,132.0
195,69.91,104.67,28.1,17.57,99.777,85.3
196,71.94,75.42,28.5,17.7,99.755,87.7
198,51.55,84.85,27.4,17.57,99.753,62.9
199,131.08,51.53,31.1,17.86,99.755,159.9
201,88.13,118.63,30.3,18.16,99.777,107.5
202,98.81,68.73,30.2,16.64,99.74,120.5
203,72.06,99.03,27.7,17.72,99.727,87.9
205,73.23,89.9,29.1,17.24,99.811,89.3
206,69.04,95.22,29.1,17.27,99.751,84.2
208,57.66,31.4,27.3,18.7,99.673,70.3
209,85.47,61.96,28.9,17.91,99.689,104.2
211,54.16,63.65,28.1,17.01,99.786,66.0
212,92.3,54.72,27.8,17.31,99.737,112.6
214,93.14,85.47,28.0,18.01,99.767,113.6
215,68.43,100.25,28.4,17.77,99.749,83.5
217,73.24,85.19,30.1,18.01,99.785,89.3
218,111.9,99.6,31.3,17.8,99.749,136.5
220,6.45,87.61,29.8,17.83,99.773,7.9
221,111.49,66.68,33.9,17.64,99.684,136.0
223,129.54,37.0,27.4,17.48,99.745,158.0
224,42.41,69.1,28.0,17.92,99.715,51.7
225,62.25,50.55,30.0,18.41,99.681,75.9
227,66.65,52.78,31.5,18.03,99.731,81.3
228,100.22,61.7,26.8,17.64,99.785,122.2
230,125.39,64.7,30.3,18.66,99.776,152.9
231,86.7,126.37,28.1,17.07,99.763,105.7
233,80.99,82.34,29.0,17.58,99.704,98.8
234,79.07,95.24,28.5,18.39,99.744,96.4
236,76.39,37.94,28.7,18.86,99.694,93.2
237,38.74,85.68,27.9,18.18,99.711,47.2
239,115.43,36.46,33.0,17.45,99.813,140.8
240,141.99,128.32,29.6,18.02,99.686,173.2
242,91.86,60.78,28.7,17.18,99.741,112.0
243,134.02,59.67,24.8,18.27,99.653,163.4
245,169.13,76.48,30.7,17.99,99.682,206.3
246,29.4,86.43,29.9,17.68,99.707,35.9
247,73.48,63.76,26.8,18.55,99.711,89.6
249,99.86,39.07,28.7,18.18,99.738,121.8
250,92.11,89.31,29.2,18.59,99.685,112.3
252,22.08,85.11,30.4,17.31,99.741,26.9
253,42.19,74.48,26.1,18.56,99.694,51.5
255,49.79,90.99,29.2,18.68,99.744,60.7
256,68.36,55.58,29.7,17.6,99.647,83.4
258,114.07,45.72,26.8,18.49,99.702,139.1
259,83.29,61.7,30.1,18.33,99.747,101.6
261,110.18,72.79,29.5,18.31,99.711,134.4
262,12.58,68.37,27.3,18.86,99.661,15.3
264,113.45,126.98,29.1,18.64,99.77,138.4
265,121.97,102.18,29.0,18.16,99.692,148.7
267,132.66,121.73,29.3,18.81,99.756,161.8
268,52.77,52.55,28.7,17.31,99.761,64.4
269,133.76,111.06,30.5,18.05,99.73,163.1
271,59.07,75.9,26.3,18.38,99.722,72.0
272,69.63,38.48,28.9,18.83,99.689,84.9
274,85.76,59.07,30.6,18.1,99.736,104.6
275,-2.81,77.51,30.4,18.69,99.649,-3.4
277,96.92,98.03,29.5,19.08,99.664,118.2
278,62.66,96.23,28.8,17.76,99.654,76.4
280,119.47,74.46,29.3,18.1,99.674,145.7
281,105.11,70.48,27.7,18.51,99.761,128.2
283,54.17,84.39,31.0,19.02,99.643,66.1
284,104.21,105.62,30.2,19.41,99.641,127.1
286,80.0,120.77,28.6,18.25,99.72,97.6
287,56.27,89.17,30.2,18.76,99.702,68.6
289,76.16,97.46,26.9,18.29,99.65,92.9
290,92.44,49.87,28.0,19.48,99.666,112.7
291,77.04,44.05,31.4,18.65,99.678,94.0
293,148.16,129.52,31.8,18.05,99.712,180.7
294,87.93,76.54,28.6,18.57,99.683,107.2
296,43.89,17.0,28.9,19.21,99.747,53.5
297,21.27,44.85,28.6,19.06,99.71,25.9
299,55.9,90.09,29.2,18.54,99.697,68.2
300,73.66,55.64,29.5,18.1,99.659,89.8
302,73.18,76.07,30.1,18.66,99.625,89.2
303,103.78,74.05,31.4,18.19,99.668,126.6
305,47.08,36.44,29.4,19.45,99.586,57.4
306,49.01,100.96,30.0,19.61,99.661,59.8
308,96.25,52.21,28.0,19.14,99.749,117.4
309,129.42,97.65,27.0,18.72,99.727,157.8
311,64.3,67.53,32.3,18.49,99.703,78.4
312,37.23,82.83,31.0,19.32,99.672,45.4
313,93.23,78.62,28.9,19.11,99.722,113.7
315,69.79,17.99,29.6,19.45,99.699,85.1
316,64.97,98.08,29.5,17.92,99.639,79.2
318,46.06,39.33,32.9,19.22,99.711,56.2
319,61.62,98.39,28.8,19.85,99.68,75.1
321,108.9,79.56,30.8,19.3,99.655,132.8
322,50.66,48.94,29.3,18.77,99.667,61.8
324,88.21,78.51,31.3,19.59,99.673,107.6
325,77.44,73.22,33.1,18.87,99.653,94.4
327,49.22,81.42,30.8,19.01,99.658,60.0
328,138.69,80.05,27.3,20.13,99.647,169.1
330,50.02,58.11,28.9,19.14,99.639,61.0
331,113.64,62.41,30.7,18.94,99.685,138.6
333,97.35,96.59,31.4,18.58,99.678,118.7
334,38.64,61.22,29.5,18.89,99.688,47.1
335,38.86,70.55,28.8,19.23,99.583,47.4
337,105.17,59.49,27.5,19.78,99.642,128.3
338,112.01,63.95,27.7,18.74,99.748,136.6
340,128.24,64.66,33.0,19.47,99.629,156.4
341,106.25,92.35,29.3,19.38,99.663,129.6
343,25.62,98.33,29.1,19.12,99.65,31.2
344,72.09,61.87,29.2,19.14,99.678,87.9
346,110.76,74.13,31.4,19.79,99.667,135.1
347,82.46,49.72,28.6,19.21,99.592,100.6
349,121.91,55.52,32.0,18.97,99.681,148.7
350,81.03,40.45,33.9,19.48,99.712,98.8
352,55.17,86.58,30.9,20.22,99.627,67.3
353,124.28,85.95,26.8,18.79,99.666,151.6
355,49.48,77.54,28.5,18.6,99.701,60.3
356,26.02,99.84,30.4,19.87,99.708,31.7
357,47.52,61.38,32.0,19.24,99.693,58.0
359,96.06,25.31,29.4,19.33,99.63,117.1
360,47.08,59.63,30.7,19.41,99.695,57.4
362,109.95,46.36,31.7,19.48,99.629,134.1
363,112.54,93.46,28.5,19.86,99.633,137.2
365,6.9,56.74,29.8,19.65,99.641,8.4
366,119.47,71.44,30.1,20.22,99.677,145.7
368,104.22,115.69,27.2,19.38,99.637,127.1
369,86.18,82.41,27.5,20.26,99.617,105.1
371,74.88,97.54,30.9,19.15,99.626,91.3
372,34.48,42.1,32.8,18.84,99.606,42.0
374,51.77,136.16,31.6,19.26,99.591,63.1
375,33.2,94.1,29.5,19.27,99.65,40.5
377,52.46,75.16,30.9,18.98,99.643,64.0
378,68.11,101.66,30.3,19.75,99.582,83.1
379,123.39,46.84,31.2,19.72,99.631,150.5
381,72.89,50.86,31.0,20.33,99.603,88.9
382,101.64,68.16,28.3,19.54,99.58,124.0
384,101.31,91.55,27.6,19.63,99.616,123.5
385,87.03,103.05,31.3,20.57,99.658,106.1
387,9.09,70.34,31.8,18.99,99.636,11.1
388,44.71,66.76,29.6,20.47,99.747,54.5
390,43.78,70.86,30.0,19.66,99.612,53.4
391,113.06,82.2,31.1,19.36,99.649,137.9
393,77.6,68.4,30.9,20.41,99.641,94.6
394,84.78,89.31,29.1,19.74,99.529,103.4
396,67.95,69.24,31.0,19.84,99.702,82.9
397,50.17,70.59,30.1,20.68,99.667,61.2
399,82.12,83.41,28.9,20.7,99.571,100.1
400,73.59,102.24,29.9,20.32,99.568,89.7
401,55.64,93.42,30.7,20.24,99.6,67.9
403,64.09,67.99,31.5,20.29,99.591,78.2
404,50.95,66.62,31.7,20.58,99.622,62.1
406,167.18,56.01,29.1,20.15,99.655,203.9
407,109.72,82.17,30.3,19.23,99.627,133.8
409,82.48,98.01,29.3,20.39,99.594,100.6
410,110.61,109.62,31.8,20.92,99.593,134.9
412,113.02,76.4,31.2,19.95,99.599,137.8
413,161.56,21.57,30.6,20.82,99.63,197.0
415,55.64,97.81,28.8,20.67,99.582,67.9
416,88.22,72.52,32.6,20.06,99.575,107.6
418,107.74,98.34,29.4,19.85,99.59,131.4
419,20.98,48.88,29.3,20.12,99.645,25.6
421,92.62,81.3,30.6,19.63,99.574,113.0
422,49.02,30.89,31.6,20.43,99.504,59.8
423,69.66,72.67,31.0,20.28,99.529,85.0
425,56.9,85.15,29.5,19.57,99.612,69.4
426,144.5,83.27,29.6,20.45,99.584,176.2
428,82.62,127.99,30.9,20.78,99.647,100.8
429,91.76,81.28,31.0,20.29,99.518,111.9
431,54.62,58.59,30.5,19.72,99.617,66.6
432,-14.24,90.56,29.5,20.94,99.585,-17.4
434,27.11,75.78,29.5,20.59,99.623,33.1
435,34.75,98.84,29.1,20.4,99.584,42.4
437,125.54,81.0,32.4,20.99,99.657,153.1
438,70.0,94.48,28.9,20.85,99.59,85.4
440,84.9,54.5,31.5,20.78,99.662,103.5
441,123.6,102.46,30.1,21.38,99.634,150.7
443,66.43,83.28,28.2,20.62,99.558,81.0
444,43.92,-0.14,32.3,19.43,99.59,53.6
445,66.13,70.9,29.3,20.83,99.549,80.6
447,46.73,80.18,31.4,20.54,99.644,57.0
448,32.65,95.18,30.4,20.7,99.563,39.8
450,89.28,85.67,31.7,21.24,99.577,108.9
451,12.73,83.19,29.3,20.98,99.642,15.5
453,105.0,44.67,31.1,20.63,99.53,128.0
454,84.12,47.23,32.9,20.7,99.497,102.6
456,78.5,39.69,29.9,20.75,99.505,95.7
457,91.2,113.52,33.8,21.2,99.648,111.2
459,126.01,84.14,31.6,21.4,99.627,153.7
460,42.05,121.34,27.0,19.98,99.567,51.3
462,15.9,6.21,31.6,20.23,99.502,19.4
463,60.25,68.01,30.0,20.66,99.618,73.5
465,72.95,101.77,32.0,20.14,99.533,89.0
466,88.78,92.6,32.7,21.66,99.594,108.3
467,61.61,51.47,31.5,21.35,99.516,75.1
469,57.45,175.87,29.1,21.42,99.64,70.1
470,82.6,107.76,30.0,20.93,99.578,100.7
472,96.4,99.77,32.9,21.28,99.635,117.6
473,160.33,128.4,30.0,19.89,99.562,195.5
475,77.63,59.84,31.2,21.77,99.527,94.7
476,30.41,101.89,30.5,19.64,99.594,37.1
478,74.55,87.96,27.4,21.17,99.586,90.9
479,127.12,58.11,29.1,20.9,99.616,155.0
481,103.44,73.09,32.2,20.95,99.532,126.1
482,128.94,51.33,30.7,21.35,99.576,157.2
484,144.33,28.24,32.6,21.03,99.516,176.0
485,26.93,72.21,28.0,21.63,99.444,32.8
487,70.71,77.51,30.6,20.76,99.46,86.2
488,61.22,45.33,33.3,20.66,99.621,74.7
490,148.77,141.28,32.8,20.75,99.458,181.4
491,58.53,96.43,31.5,20.73,99.563,71.4
492,53.46,76.38,32.3,20.91,99.549,65.2
494,35.25,124.32,34.2,20.54,99.543,43.0
495,110.71,67.03,30.7,21.8,99.562,135.0
497,118.34,49.49,31.9,21.45,99.556,144.3
498,34.41,90.6,29.5,21.31,99.52,42.0
500,55.11,110.98,31.3,20.93,99.558,67.2
501,86.02,84.13,29.7,21.98,99.572,104.9
503,51.45,80.64,31.6,21.2,99.523,62.7
504,18.55,111.26,30.7,20.63,99.518,22.6
506,66.13,130.06,34.0,20.67,99.536,80.6
507,58.8,108.22,29.6,21.76,99.519,71.7
509,45.33,131.57,33.6,22.04,99.492,55.3
510,51.67,94.26,30.2,20.91,99.47,63.0
512,80.76,67.29,30.9,21.68,99.53,98.5
513,73.3,52.44,32.3,22.14,99.516,89.4
514,137.88,38.06,28.0,21.63,99.596,168.1
516,119.18,94.73,33.7,21.97,99.514,145.3
517,-9.27,111.03,27.9,20.84,99.495,-11.3
519,96.13,79.41,32.3,21.71,99.529,117.2
520,132.27,133.68,31.3,21.76,99.589,161.3
522,31.72,100.56,31.7,21.5,99.481,38.7
523,16.98,61.85,32.3,20.72,99.576,20.7
525,119.03,112.03,31.4,22.04,99.563,145.2
526,74.84,105.86,32.3,21.74,99.569,91.3
528,83.15,95.23,32.3,21.12,99.509,101.4
529,86.03,90.81,33.0,21.95,99.509,104.9
531,103.51,14.43,32.2,21.63,99.481,126.2
532,103.13,93.62,33.1,20.93,99.551,125.8
534,92.06,74.19,30.3,20.74,99.494,112.3
535,57.7,76.77,30.1,22.17,99.514,70.4
536,82.07,88.19,29.8,22.53,99.489,100.1
538,68.2,89.06,29.9,21.18,99.527,83.2
539,70.68,60.17,30.0,21.32,99.533,86.2
541,82.18,65.45,30.8,21.57,99.55,100.2
542,97.13,85.5,27.6,22.03,99.546,118.5
544,103.86,44.83,29.3,22.11,99.556,126.7
545,87.96,70.94,31.3,23.11,99.491,107.3
547,76.21,91.5,32.3,22.01,99.556,92.9
548,122.68,62.19,30.0,22.21,99.493,149.6
550,101.43,57.25,30.2,21.01,99.542,123.7
551,43.45,101.9,31.0,20.52,99.568,53.0
553,102.41,77.34,31.5,21.41,99.56,124.9
554,71.59,81.42,31.6,20.63,99.496,87.3
556,122.38,15.32,31.2,22.24,99.467,149.2
557,34.22,60.18,32.8,22.61,99.51,41.7
558,31.2,88.52,30.3,22.03,99.575,38.0
560,67.09,68.58,31.6,21.42,99.484,81.8
561,71.37,28.39,32.8,21.48,99.499,87.0
563,60.2,108.36,33.8,22.47,99.526,73.4
564,79.93,57.44,34.5,22.63,99.542,97.5
566,98.76,53.41,31.8,22.57,99.49,120.4
567,47.11,88.09,29.7,21.28,99.534,57.5
569,99.25,51.8,35.9,21.73,99.494,121.0
570,61.71,86.64,26.9,21.69,99.553,75.3
572,33.62,69.03,32.6,22.78,99.551,41.0
573,114.55,58.37,32.1,22.44,99.521,139.7
575,80.11,88.24,33.1,21.42,99.482,97.7
576,74.88,81.2,31.6,22.93,99.489,91.3
578,146.04,56.15,32.3,21.79,99.539,178.1
579,91.52,88.13,32.6,21.85,99.479,111.6
580,72.91,118.92,31.9,22.26,99.52,88.9
582,117.61,110.02,32.0,21.91,99.46,143.4
583,42.4,42.14,31.3,21.56,99.44,51.7
585,20.47,77.1,32.5,22.98,99.444,25.0
586,26.65,57.93,32.9,22.59,99.526,32.5
588,6.78,88.05,32.0,21.96,99.455,8.3
589,84.73,131.39,29.1,23.16,99.494,103.3
591,36.07,93.54,30.3,22.42,99.467,44.0
592,63.95,108.42,32.0,21.91,99.5,78.0
594,115.58,77.88,30.3,21.6,99.521,141.0
595,106.1,53.89,35.3,22.02,99.461,129.4
597,88.22,80.98,31.8,21.98,99.481,107.6
598,133.41,116.79,33.4,22.66,99.458,162.7
600,75.77,90.17,32.6,21.99,99.495,92.4
601,73.98,73.9,32.0,21.84,99.457,90.2
602,-19.74,77.48,31.1,22.75,99.419,-24.1
604,64.97,91.2,31.6,21.92,99.539,79.2
605,29.48,84.25,31.6,22.01,99.496,36.0
607,56.6,53.6,31.4,22.88,99.489,69.0
608,97.43,70.69,34.4,22.0,99.446,118.8
610,106.7,107.73,29.0,22.37,99.464,130.1
611,93.68,110.38,28.0,23.04,99.467,114.2
613,85.85,65.74,29.8,23.44,99.429,104.7
614,36.59,58.02,29.3,22.23,99.499,44.6
616,33.8,47.68,32.8,22.93,99.477,41.2
617,87.67,70.0,29.8,22.41,99.509,106.9
619,82.91,67.42,31.9,22.51,99.49,101.1
620,100.97,71.05,32.8,21.81,99.476,123.1
622,80.96,85.6,32.7,23.26,99.401,98.7
623,65.65,108.03,33.5,22.72,99.401,80.1
624,92.87,57.88,31.8,22.18,99.433,113.3
626,70.04,89.78,32.2,22.55,99.538,85.4
627,95.63,50.02,32.8,24.01,99.446,116.6
629,30.34,87.22,30.3,23.11,99.457,37.0
630,67.11,104.4,31.2,22.47,99.534,81.8
632,93.38,68.66,30.2,23.31,99.447,113.9
633,27.92,81.36,30.3,22.39,99.461,34.0
635,132.08,105.34,31.9,23.23,99.47,161.1
636,78.86,122.6,34.0,23.29,99.448,96.2
638,23.67,67.42,34.0,22.92,99.482,28.9
639,33.77,92.0,30.6,22.74,99.429,41.2
641,48.08,69.38,33.9,23.9,99.557,58.6
642,75.7,71.47,28.8,22.2,99.425,92.3
644,40.45,63.26,31.9,23.71,99.43,49.3
645,50.12,81.72,33.4,22.11,99.473,61.1
646,38.37,71.56,30.1,22.98,99.476,46.8
648,108.06,96.55,33.6,22.89,99.408,131.8
649,37.27,42.7,32.8,23.62,99.464,45.5
651,104.5,88.54,30.7,22.35,99.43,127.4
652,116.71,47.97,30.5,22.87,99.451,142.3
654,74.64,73.41,33.9,22.18,99.435,91.0
655,76.69,58.87,32.5,22.76,99.414,93.5
657,31.91,38.32,34.1,23.07,99.453,38.9
658,81.32,94.94,33.0,23.19,99.429,99.2
660,63.61,53.62,34.6,23.87,99.416,77.6
661,107.69,88.95,30.7,22.51,99.392,131.3
663,115.02,67.18,32.0,23.06,99.462,140.3
664,86.24,82.89,30.8,24.02,99.441,105.2
666,54.87,70.62,33.2,22.45,99.396,66.9
667,-11.75,106.91,34.6,22.6,99.446,-14.3
668,109.08,61.82,31.0,22.86,99.404,133.0
670,14.23,98.31,31.6,23.51,99.478,17.4
671,83.55,66.59,32.5,23.08,99.462,101.9
673,27.16,75.35,29.5,23.82,99.409,33.1
674,122.86,82.71,32.6,23.43,99.426,149.8
676,65.39,54.67,31.9,22.68,99.447,79.7
677,68.78,46.81,33.6,23.33,99.395,83.9
679,88.87,38.66,33.2,22.86,99.422,108.4
680,83.07,144.28,30.4,22.81,99.438,101.3
682,74.02,48.17,34.5,23.84,99.455,90.3
683,69.7,73.04,33.4,23.8,99.479,85.0
685,136.56,78.18,33.7,23.52,99.449,166.5
686,115.48,28.66,36.2,23.51,99.44,140.8
688,103.13,37.34,32.7,23.94,99.496,125.8
689,165.21,35.5,33.2,23.67,99.375,201.5
690,119.34,87.2,33.6,24.4,99.303,145.5
692,49.4,53.07,32.2,23.12,99.406,60.2
693,63.72,124.55,31.0,23.73,99.424,77.7
695,104.51,98.63,32.5,23.7,99.355,127.5
696,42.93,86.22,31.6,23.09,99.419,52.4
698,74.06,81.68,32.0,23.83,99.381,90.3
699,104.77,100.61,33.4,23.44,99.426,127.8
701,53.21,36.02,32.6,23.59,99.36,64.9
702,29.8,77.09,31.8,23.81,99.399,36.3
704,85.41,103.18,31.8,23.56,99.407,104.2
705,49.47,105.84,33.9,23.68,99.451,60.3
707,64.07,71.62,32.0,22.9,99.434,78.1
708,62.97,84.02,31.1,23.96,99.365,76.8
710,115.0,63.42,30.4,23.21,99.338,140.2
711,118.72,89.74,31.9,23.68,99.374,144.8
712,110.45,61.84,32.5,23.26,99.351,134.7
714,63.31,47.3,33.6,22.97,99.425,77.2
715,75.81,95.4,34.5,24.27,99.379,92.5
717,79.73,57.33,31.3,25.48,99.403,97.2
718,31.05,69.15,33.9,23.74,99.419,37.9
720,23.1,66.5,35.3,24.39,99.336,28.2
721,135.63,106.69,33.0,24.07,99.351,165.4
723,143.99,49.01,31.1,23.85,99.394,175.6
724,88.76,46.29,32.0,24.68,99.347,108.2
726,58.99,115.52,33.6,23.91,99.381,71.9
727,54.36,58.45,29.9,24.44,99.408,66.3
729,82.27,-26.86,33.3,24.92,99.437,100.3
730,143.44,76.87,32.5,23.59,99.37,174.9
732,11.3,46.26,31.1,24.73,99.402,13.8
733,96.23,72.74,34.6,23.36,99.461,117.4
734,61.57,115.23,31.3,23.36,99.358,75.1
736,72.62,49.2,35.5,23.95,99.366,88.6
737,84.18,55.52,32.6,24.33,99.385,102.7
739,36.54,79.53,32.9,24.19,99.38,44.6
740,31.59,83.03,30.2,23.68,99.389,38.5
742,118.29,123.1,30.6,24.44,99.362,144.3
743,158.04,37.11,29.5,23.8,99.433,192.7
745,94.91,23.88,31.9,23.76,99.374,115.7
746,61.88,86.74,34.5,24.18,99.351,75.5
748,64.01,67.02,31.5,24.65,99.381,78.1
749,61.37,128.4,32.9,24.35,99.382,74.8
751,35.91,87.21,33.7,24.67,99.333,43.8
752,39.45,64.27,31.1,24.46,99.385,48.1
754,87.59,92.84,33.5,23.24,99.329,106.8
755,118.75,92.39,33.0,24.09,99.351,144.8
756,98.23,93.65,33.7,23.79,99.314,119.8
758,33.82,74.88,31.9,23.98,99.335,41.2
759,96.45,24.37,33.2,24.56,99.35,117.6
761,35.5,52.74,33.7,24.13,99.293,43.3
762,50.7,88.11,32.1,24.66,99.385,61.8
764,1.57,63.56,32.6,23.72,99.391,1.9
765,73.28,33.1,33.9,24.0,99.427,89.4
767,149.57,84.17,33.3,24.42,99.389,182.4
768,6.61,83.99,31.2,24.23,99.378,8.1
770,71.77,53.75,32.2,24.55,99.296,87.5
771,76.95,76.97,32.6,25.15,99.377,93.8
773,25.63,62.8,31.1,24.19,99.329,31.3
774,84.27,75.75,31.3,23.61,99.322,102.8
776,107.99,81.93,32.1,24.21,99.325,131.7
777,84.36,2.59,30.8,25.0,99.412,102.9
778,53.7,98.38,33.6,25.63,99.357,65.5
780,85.64,86.31,33.2,24.35,99.377,104.4
781,12.82,62.19,34.6,25.09,99.364,15.6
783,104.65,56.04,34.0,24.72,99.375,127.6
784,98.38,78.99,32.5,24.84,99.365,120.0
786,118.02,84.34,31.7,24.5,99.367,143.9
787,9.66,76.41,31.3,24.44,99.38,11.8
789,15.65,85.04,30.9,25.22,99.402,19.1
790,82.55,63.76,32.9,24.58,99.356,100.7
792,101.81,108.14,32.2,24.68,99.365,124.2
793,131.37,85.09,36.7,24.6,99.341,160.2
795,24.85,65.9,34.2,25.42,99.366,30.3
796,51.93,61.62,32.8,24.46,99.359,63.3
798,51.32,78.2,33.7,25.04,99.281,62.6
799,84.94,58.05,29.6,24.83,99.341,103.6
801,32.63,135.45,33.8,24.78,99.312,39.8
802,71.65,77.83,34.9,25.58,99.277,87.4
803,111.89,96.14,33.9,25.36,99.332,136.5
805,102.52,62.2,32.6,24.35,99.329,125.0
806,63.76,64.77,32.5,25.06,99.419,77.8
808,117.71,34.43,34.1,24.12,99.31,143.5
809,55.02,98.24,33.0,25.29,99.322,67.1
811,103.79,121.55,30.1,24.57,99.325,126.6
812,88.21,42.89,35.3,24.52,99.312,107.6
814,90.15,76.51,33.7,24.94,99.327,109.9
815,83.29,86.06,32.5,24.59,99.277,101.6
817,55.16,58.07,34.4,24.38,99.374,67.3
818,116.27,123.98,33.4,25.08,99.348,141.8
820,94.6,92.25,36.5,24.15,99.357,115.4
821,118.27,76.09,33.9,24.87,99.295,144.2
823,89.57,78.68,29.8,24.81,99.333,109.2
824,105.78,73.86,31.0,24.94,99.286,129.0
825,67.89,58.66,33.7,25.69,99.32,82.8
827,57.6,75.76,32.3,24.55,99.324,70.2
828,8.62,95.76,31.2,25.64,99.273,10.5
830,88.24,94.16,34.3,25.29,99.237,107.6
831,28.19,66.97,33.6,24.98,99.314,34.4
833,90.46,44.07,30.6,25.19,99.351,110.3
834,94.74,81.74,32.6,26.07,99.312,115.5
836,51.58,32.26,33.8,25.54,99.367,62.9
837,38.71,87.19,32.5,24.57,99.387,47.2
839,36.17,87.26,32.6,26.1,99.299,44.1
840,55.19,76.5,35.7,24.47,99.257,67.3
842,67.2,20.48,32.3,26.03,99.331,82.0
843,13.87,92.95,33.4,25.4,99.282,16.9
845,88.08,98.5,31.6,25.8,99.263,107.4
846,100.32,51.01,34.6,25.46,99.316,122.3
847,93.15,62.28,32.9,24.61,99.357,113.6
849,114.76,101.71,31.3,25.76,99.292,140.0
850,94.44,65.9,36.2,25.3,99.271,115.2
852,19.61,53.63,34.7,25.37,99.287,23.9
853,125.52,76.03,32.7,25.96,99.318,153.1
855,14.25,63.27,31.9,26.31,99.348,17.4
856,123.13,70.93,29.6,25.26,99.317,150.2
858,36.69,81.91,33.9,24.78,99.268,44.7
859,162.16,93.55,32.5,25.56,99.315,197.8
861,14.35,68.73,31.6,24.49,99.369,17.5
862,94.71,73.99,32.1,25.25,99.367,115.5
864,65.4,93.69,31.7,26.14,99.279,79.8
865,74.49,63.65,33.8,25.82,99.322,90.8
867,83.13,89.08,32.6,25.98,99.286,101.4
868,20.84,70.52,31.2,26.25,99.264,25.4
869,36.46,30.78,35.4,26.31,99.251,44.5
871,73.57,100.8,33.0,25.76,99.349,89.7
872,56.08,82.05,34.1,26.1,99.257,68.4
874,40.35,69.22,32.6,25.7,99.278,49.2
875,81.56,86.16,31.2,25.61,99.34,99.5
877,43.23,59.74,33.3,25.97,99.241,52.7
878,36.59,95.05,32.5,25.48,99.297,44.6
880,91.13,118.06,36.8,25.54,99.242,111.1
881,109.52,103.96,35.8,26.19,99.341,133.6
883,60.29,89.46,37.4,26.56,99.298,73.5
884,100.82,42.67,33.4,25.64,99.274,123.0
886,57.18,64.85,31.8,26.42,99.295,69.7
887,80.56,119.67,32.0,26.5,99.233,98.2
889,38.06,107.07,31.6,26.39,99.253,46.4
890,41.25,74.87,32.0,26.06,99.274,50.3
891,1.81,56.27,32.1,25.43,99.315,2.2
893,29.85,100.93,34.4,26.85,99.283,36.4
894,53.65,68.63,35.9,25.72,99.293,65.4
896,91.33,91.72,32.3,26.16,99.253,111.4
897,104.67,76.56,33.7,25.11,99.269,127.6
899,53.68,79.53,31.2,25.78,99.233,65.5
900,27.59,36.19,31.7,25.5,99.297,33.6
902,41.78,94.91,35.6,25.56,99.288,51.0
903,75.41,88.75,33.5,26.42,99.298,92.0
905,89.42,45.21,35.3,26.15,99.326,109.0
906,32.82,84.8,30.9,26.5,99.242,40.0
908,62.54,54.94,33.3,26.07,99.214,76.3
909,129.73,105.52,32.1,25.23,99.281,158.2
911,20.13,103.83,31.1,25.48,99.259,24.5
912,144.05,66.78,32.5,25.89,99.234,175.7
913,96.59,76.15,32.6,25.73,99.251,117.8
915,84.34,109.63,33.8,26.43,99.237,102.9
916,50.98,77.13,37.2,25.15,99.288,62.2
918,88.71,42.31,37.4,25.65,99.201,108.2
919,93.67,58.58,33.6,26.45,99.246,114.2
921,71.93,54.69,33.2,26.82,99.271,87.7
922,33.14,95.24,31.5,26.93,99.271,40.4
924,81.82,68.11,34.0,25.84,99.283,99.8
925,1.28,59.43,33.8,26.44,99.239,1.6
927,61.91,94.56,33.3,26.04,99.211,75.5
928,87.16,65.04,34.3,26.43,99.243,106.3
930,84.83,105.95,33.3,26.85,99.246,103.5
931,92.66,70.06,33.7,26.22,99.257,113.0
933,48.84,86.92,30.5,26.56,99.201,59.6
934,80.24,28.09,33.1,27.49,99.251,97.9
935,76.07,87.29,32.6,26.73,99.221,92.8
937,91.52,76.51,36.3,26.46,99.266,111.6
938,10.88,98.6,34.4,26.79,99.19,13.3
940,133.37,42.91,33.6,26.91,99.215,162.6
941,81.74,110.32,34.0,25.3,99.228,99.7
943,57.85,89.42,36.2,26.32,99.315,70.5
944,60.06,121.01,34.8,27.33,99.252,73.2
946,69.24,108.45,34.8,26.18,99.244,84.4
947,45.71,59.56,33.4,26.64,99.19,55.7
949,62.23,64.81,32.1,25.8,99.267,75.9
950,77.1,55.71,37.3,25.98,99.219,94.0
952,104.62,56.55,35.0,26.14,99.267,127.6
953,59.38,67.16,34.2,26.79,99.223,72.4
955,106.4,73.14,35.0,26.53,99.257,129.8
956,137.0,138.19,33.2,26.55,99.216,167.1
957,38.71,76.65,30.7,26.6,99.234,47.2
959,79.13,95.27,34.2,26.43,99.231,96.5
960,86.46,63.01,34.2,26.69,99.145,105.4
962,76.84,60.78,34.1,27.01,99.226,93.7
963,74.91,86.4,35.4,27.22,99.173,91.4
965,80.89,96.25,32.9,26.26,99.24,98.6
966,76.41,50.38,36.6,27.42,99.23,93.2
968,62.34,78.29,35.2,26.37,99.123,76.0
969,74.6,94.72,35.4,26.89,99.267,91.0
971,52.76,53.02,36.5,26.12,99.276,64.3
972,-11.86,64.85,34.7,26.59,99.235,-14.5
974,37.46,43.72,31.8,25.58,99.17,45.7
975,54.33,88.49,35.8,26.34,99.237,66.3
977,66.54,66.28,32.9,26.31,99.2,81.1
978,57.49,64.36,33.5,27.33,99.186,70.1
979,43.6,59.71,35.1,26.9,99.234,53.2
981,55.0,125.09,33.9,27.6,99.323,67.1
982,30.93,105.49,34.4,26.68,99.14,37.7
984,34.09,52.14,34.7,26.54,99.146,41.6
985,76.28,40.61,32.1,27.52,99.18,93.0
987,85.3,77.3,33.6,27.13,99.153,104.0
988,53.51,76.52,33.8,27.56,99.248,65.3
990,14.64,42.3,36.4,26.86,99.137,17.9
991,105.29,77.24,33.0,27.14,99.186,128.4
993,54.93,65.01,36.0,27.36,99.219,67.0
994,71.55,102.06,35.3,27.4,99.213,87.3
996,74.71,99.44,33.7,27.45,99.167,91.1
997,77.07,95.75,33.2,26.58,99.232,94.0
999,18.33,59.69,33.4,27.54,99.118,22.4
1000,34.33,65.18,32.8,28.28,99.268,41.9
1001,64.55,28.67,33.9,27.49,99.208,78.7
1003,86.45,80.02,35.3,27.74,99.204,105.4
1004,39.22,93.98,35.0,27.42,99.228,47.8
1006,57.84,66.98,33.8,26.36,99.173,70.5
1007,83.73,48.93,34.2,27.18,99.182,102.1
1009,83.09,129.06,35.0,27.18,99.2,101.3
1010,60.9,40.26,32.4,27.39,99.144,74.3
1012,124.03,93.75,34.4,27.01,99.211,151.3
1013,74.48,87.56,31.9,26.6,99.222,90.8
1015,78.77,80.33,33.7,27.24,99.17,96.1
1016,88.13,86.96,31.8,27.13,99.146,107.5
1018,46.58,90.77,33.2,27.79,99.155,56.8
1019,94.49,100.23,33.3,27.88,99.252,115.2
1021,61.76,47.41,33.7,27.53,99.07,75.3
1022,82.28,72.27,35.7,28.5,99.156,100.3
1023,82.41,69.28,33.5,27.39,99.182,100.5
1025,85.6,74.71,35.6,27.23,99.169,104.4
1026,-24.41,104.2,35.3,28.57,99.252,-29.8
1028,66.15,44.7,33.2,27.76,99.198,80.7
1029,96.76,73.94,34.3,27.28,99.204,118.0
1031,122.2,78.52,34.1,27.52,99.197,149.0
1032,117.99,98.71,33.2,27.48,99.184,143.9
1034,101.85,65.13,34.2,27.13,99.278,124.2
1035,85.28,64.17,31.1,28.5,99.165,104.0
1037,75.98,118.17,34.7,27.54,99.205,92.7
1038,34.86,46.92,36.0,28.11,99.177,42.5
1040,85.15,56.28,34.7,27.3,99.163,103.8
1041,56.99,48.26,34.5,28.0,99.121,69.5
1043,70.33,67.74,32.1,28.4,99.177,85.8
1044,49.4,102.57,35.5,27.89,99.198,60.2
1045,52.68,73.42,35.2,28.4,99.147,64.2
1047,68.25,60.38,36.1,27.85,99.198,83.2
1048,72.59,73.02,36.3,28.1,99.155,88.5
1050,4.68,65.21,33.5,27.75,99.113,5.7
1051,65.66,78.42,34.1,27.87,99.193,80.1
1053,106.71,78.94,36.4,27.74,99.147,130.1
1054,88.3,39.13,31.9,27.73,99.25,107.7
1056,124.09,23.49,34.8,28.23,99.16,151.3
1057,90.42,89.13,33.0,28.12,99.226,110.3
1059,117.34,99.92,33.1,28.34,99.221,143.1
1060,35.43,10.81,35.6,28.12,99.111,43.2
1062,-4.49,71.71,34.2,28.7,99.139,-5.5
1063,59.98,85.82,34.6,28.17,99.173,73.1
1065,94.14,117.8,36.2,27.8,99.138,114.8
1066,93.51,14.8,36.0,27.91,99.16,114.0
1067,111.02,72.29,35.1,27.64,99.135,135.4
1069,114.75,56.77,35.2,27.6,99.165,139.9
1070,77.25,48.95,35.8,28.8,99.167,94.2
1072,35.54,69.95,33.0,28.68,99.103,43.3
1073,82.06,63.61,32.3,28.63,99.186,100.1
1075,127.18,47.04,34.4,27.2,99.171,155.1
1076,-0.55,84.53,35.5,28.0,99.207,-0.7
1078,131.21,72.79,36.3,28.06,99.098,160.0
1079,48.83,14.5,34.6,28.48,99.202,59.5
1081,5.96,83.24,36.1,27.86,99.126,7.3
1082,29.38,99.7,35.1,28.66,99.183,35.8
1084,42.82,76.87,32.5,27.86,99.111,52.2
1085,133.64,45.74,35.0,29.01,99.178,163.0
1087,41.89,115.82,36.3,29.53,99.222,51.1
1088,92.17,57.51,33.6,27.83,99.111,112.4
1089,69.37,103.12,35.2,28.05,99.087,84.6
1091,116.18,64.0,33.9,28.46,99.169,141.7
1092,109.71,91.42,34.3,28.5,99.123,133.8
1094,102.03,112.25,34.2,28.45,99.083,124.4
1095,5.72,80.31,34.7,28.53,99.141,7.0
1097,98.33,97.73,32.7,28.22,99.131,119.9
1098,113.98,97.11,36.0,28.16,99.127,139.0
1100,147.67,67.59,36.2,28.45,99.168,180.1
1101,8.81,59.39,36.2,28.85,99.122,10.7
1103,46.32,72.14,33.2,27.89,99.195,56.5
1104,86.29,20.93,35.6,28.02,99.115,105.2
1106,148.87,77.82,36.1,27.93,99.176,181.5
1107,103.9,100.5,35.3,28.22,99.141,126.7
1109,94.5,118.26,33.5,28.78,99.074,115.2
1110,1.33,77.82,33.9,28.59,99.078,1.6
1112,97.6,46.61,36.8,28.19,99.143,119.0
1113,46.77,65.61,34.5,28.64,99.145,57.0
1114,124.96,102.35,33.6,28.82,99.097,152.4
1116,80.0,77.92,33.5,28.32,99.141,97.6
1117,34.77,100.08,33.8,28.54,99.128,42.4
1119,88.79,75.14,35.6,28.53,99.143,108.3
1120,115.09,66.95,31.7,27.49,99.125,140.4
1122,43.42,46.94,32.7,29.01,99.091,53.0
1123,48.87,86.43,32.4,28.76,99.139,59.6
1125,58.43,80.37,35.8,29.19,99.19,71.3
1126,31.24,74.95,33.2,28.79,99.127,38.1
1128,83.7,81.5,32.0,29.32,99.129,102.1
1129,55.77,103.89,34.4,28.24,99.067,68.0
1131,105.08,88.85,35.3,29.1,99.079,128.1
1132,76.81,130.58,33.8,28.6,99.09,93.7
1134,65.9,107.17,33.9,28.93,99.132,80.4
1135,139.47,93.64,36.6,29.05,99.179,170.1
1136,87.87,72.34,37.0,28.69,99.167,107.2
1138,44.9,131.76,35.3,29.2,99.146,54.8
1139,120.45,97.95,34.1,28.63,99.114,146.9
1141,91.46,101.23,35.8,29.06,99.045,111.5
1142,64.44,10.53,35.0,28.77,99.085,78.6
1144,-31.63,62.91,34.8,28.89,99.048,-38.6
1145,35.79,64.13,36.5,29.38,99.154,43.6
1147,85.88,50.93,32.8,28.39,99.032,104.7
1148,119.5,93.74,35.1,28.56,99.091,145.7
1150,79.74,50.9,35.1,29.22,99.158,97.2
1151,66.84,67.98,38.7,29.42,99.128,81.5
1153,31.87,71.29,34.1,28.82,99.052,38.9
1154,85.3,57.44,36.1,29.44,99.086,104.0
1156,40.23,44.73,35.2,29.78,99.173,49.1
1157,31.45,121.57,34.8,30.16,99.115,38.4
1158,75.64,76.93,35.2,29.07,99.097,92.2
1160,42.11,4.51,37.6,29.65,99.148,51.4
1161,79.81,42.32,35.3,29.47,99.117,97.3
1163,66.84,68.02,33.4,29.45,99.106,81.5
1164,117.59,89.22,33.7,29.01,99.027,143.4
1166,66.19,91.27,37.0,28.51,99.091,80.7
1167,39.46,27.26,35.0,29.36,99.102,48.1
1169,48.56,63.66,36.3,28.99,99.092,59.2
1170,75.58,97.75,33.6,28.85,99.098,92.2
1172,34.47,56.21,34.5,29.1,99.116,42.0
1173,86.99,86.77,32.6,30.07,99.034,106.1
1175,75.16,93.98,37.2,29.71,99.085,91.7
1176,112.35,86.26,33.0,29.06,99.059,137.0
1178,45.19,95.28,36.0,30.32,99.125,55.1
1179,81.68,115.02,33.9,29.27,99.076,99.6
1180,59.81,57.78,35.3,29.21,99.129,72.9
1182,61.15,74.38,35.4,29.63,98.986,74.6
1183,67.63,126.82,34.4,29.43,99.113,82.5
1185,57.33,154.12,34.5,29.81,99.156,69.9
1186,42.83,60.94,34.4,28.66,99.07,52.2
1188,70.27,39.02,36.5,28.71,99.112,85.7
1189,49.19,11.33,37.4,30.02,99.108,60.0
1191,61.65,79.04,32.0,28.91,99.084,75.2
1192,48.21,69.48,35.0,28.99,99.012,58.8
1194,75.35,103.39,34.2,29.25,99.022,91.9
1195,33.17,119.57,35.9,29.64,99.093,40.5
1197,46.66,70.98,35.9,29.5,99.062,56.9
1198,94.95,91.42,35.6,30.09,99.032,115.8
1200,72.59,70.27,37.1,29.39,99.04,88.5
1201,91.77,65.48,34.2,28.06,99.032,111.9
1202,125.96,110.72,34.9,29.61,99.046,153.6
1204,74.16,48.67,38.4,29.33,99.125,90.4
1205,23.55,59.44,33.8,29.4,99.091,28.7
1207,44.75,32.25,37.9,29.22,99.026,54.6
1208,67.44,54.13,36.8,29.1,99.019,82.2
1210,53.03,92.51,33.9,30.14,99.065,64.7
1211,45.38,88.1,34.9,30.51,99.076,55.3
1213,26.95,76.75,35.7,30.54,99.034,32.9
1214,39.44,104.13,35.4,29.27,99.052,48.1
1216,-2.92,56.52,37.1,29.54,99.1,-3.6
1217,29.0,71.34,35.2,29.6,99.085,35.4
1219,124.04,24.41,33.9,30.16,98.984,151.3
1220,62.59,87.3,36.2,30.4,99.039,76.3
1222,32.85,86.67,33.0,30.16,99.017,40.1
1223,73.52,32.83,31.4,30.88,99.076,89.7
1224,118.1,53.96,35.4,29.89,99.032,144.0
1226,65.26,104.75,34.2,30.13,99.01,79.6
1227,86.94,95.49,36.3,29.74,99.076,106.0
1229,140.05,60.49,34.6,29.44,99.066,170.8
1230,70.96,85.96,34.1,29.72,99.047,86.5
1232,31.3,78.66,33.5,29.72,99.122,38.2
1233,43.34,84.68,35.7,30.75,99.08,52.9
1235,43.58,15.04,36.2,29.24,99.047,53.1
1236,61.11,106.4,34.1,30.05,99.045,74.5
1238,101.59,105.6,34.0,29.45,98.978,123.9
1239,26.19,77.93,36.2,30.28,98.989,31.9
1241,74.05,63.49,36.4,30.26,99.054,90.3
1242,86.54,84.67,33.8,29.68,99.022,105.5
1244,60.56,115.01,37.3,30.61,99.062,73.9
1245,9.65,81.11,35.8,30.18,98.965,11.8
1246,49.81,98.04,35.2,30.04,99.028,60.7
1248,54.9,44.85,36.2,29.84,99.044,67.0
1249,96.31,48.29,34.0,30.31,99.021,117.5
1251,2.28,93.04,36.8,29.84,99.097,2.8
1252,36.76,83.16,38.0,30.52,98.987,44.8
1254,12.57,51.28,33.5,30.24,99.045,15.3
1255,5.78,45.98,34.0,29.91,99.037,7.0
1257,105.36,96.12,35.7,30.55,98.984,128.5
1258,37.02,38.28,32.8,30.31,99.018,45.1
1260,40.22,50.23,35.1,31.44,98.966,49.0
1261,125.75,23.14,34.6,29.98,99.013,153.4
1263,54.45,50.72,36.7,30.35,98.954,66.4
1264,81.26,115.53,38.8,30.6,99.062,99.1
1266,131.66,71.71,38.2,30.11,99.018,160.6
1267,40.13,66.67,34.7,30.85,98.955,48.9
1268,72.79,64.3,33.5,30.31,99.012,88.8
1270,68.21,55.65,37.8,31.03,98.986,83.2
1271,41.37,80.97,35.4,30.24,99.008,50.5
1273,63.58,68.15,34.6,30.66,98.97,77.5
1274,51.45,80.51,33.8,31.25,99.04,62.7
1276,107.22,123.49,34.3,30.16,99.035,130.8
1277,40.21,81.97,35.9,31.21,99.005,49.0
1279,78.03,101.6,36.2,30.32,99.032,95.2
1280,99.79,61.1,36.6,30.26,99.001,121.7
1282,78.04,21.32,36.5,30.36,98.971,95.2
1283,41.39,72.33,37.5,29.95,99.028,50.5
1285,114.07,75.16,36.6,31.47,99.034,139.1
1286,43.65,76.62,34.9,30.52,99.052,53.2
1288,78.57,79.66,36.6,30.15,99.012,95.8
1289,4.57,77.16,37.1,30.44,99.009,5.6
1290,42.13,75.05,33.4,30.93,98.982,51.4
1292,55.24,50.98,36.9,30.92,98.986,67.4
1293,39.11,76.01,36.2,29.98,98.955,47.7
1295,83.09,81.73,35.0,31.63,98.989,101.3
1296,50.28,98.22,35.3,31.03,99.06,61.3
1298,72.3,84.64,35.8,30.36,98.94,88.2
1299,84.13,67.83,36.4,30.75,98.965,102.6
1301,57.44,46.54,36.9,30.72,99.026,70.0
1302,69.96,69.42,34.9,30.48,99.002,85.3
1304,21.47,64.29,37.6,30.45,98.974,26.2
1305,55.55,69.09,36.8,31.74,98.985,67.7
1307,54.51,110.62,35.9,30.41,99.021,66.5
1308,71.34,81.24,36.2,31.08,98.99,87.0
1310,23.38,57.55,34.3,30.65,99.036,28.5
1311,127.01,59.85,37.4,30.47,99.041,154.9
1312,126.69,67.81,37.7,31.08,99.032,154.5
1314,104.58,81.33,34.3,31.07,98.962,127.5
1315,65.08,51.9,36.9,30.55,99.062,79.4
1317,130.8,85.32,37.9,31.28,98.988,159.5
1318,100.55,30.11,34.3,31.05,99.031,122.6
1320,43.16,72.82,35.2,30.91,99.028,52.6
1321,48.02,49.32,36.7,30.53,98.992,58.6
1323,113.83,89.8,37.5,30.92,98.961,138.8
1324,42.57,77.3,32.6,29.9,98.961,51.9
1326,14.73,60.4,35.7,30.89,99.015,18.0
1327,-5.16,75.67,35.3,31.64,98.982,-6.3
1329,59.72,88.9,34.2,30.96,99.031,72.8
1330,55.79,21.58,37.0,31.19,98.949,68.0
1332,68.78,62.75,35.6,31.45,99.041,83.9
1333,9.61,57.06,31.8,31.5,98.938,11.7
1334,48.07,101.85,36.4,31.25,99.021,58.6
1336,96.28,79.98,37.3,31.05,99.017,117.4
1337,37.63,85.0,35.4,30.87,98.915,45.9
1339,85.53,83.19,35.1,31.01,98.97,104.3
1340,45.78,90.61,34.9,30.97,98.87,55.8
1342,107.23,49.21,36.2,30.71,98.933,130.8
1343,69.07,80.92,34.5,32.17,98.993,84.2
1345,-14.92,32.78,37.2,31.6,99.004,-18.2
1346,104.56,64.18,36.0,31.28,98.946,127.5
1348,57.47,79.45,35.6,32.01,98.914,70.1
1349,26.88,84.39,34.5,31.17,98.973,32.8
1351,72.89,127.12,35.3,31.13,99.032,88.9
1352,29.71,54.72,31.9,32.25,98.892,36.2
1354,49.63,124.26,36.7,31.5,98.982,60.5
1355,85.28,62.27,37.2,31.68,98.989,104.0
1356,91.07,74.0,35.2,31.53,98.941,111.1
1358,58.45,74.44,39.0,31.73,98.977,71.3
1359,123.92,55.68,36.3,31.63,98.902,151.1
1361,107.17,56.36,36.8,31.25,98.96,130.7
1362,58.59,88.37,34.6,31.16,98.889,71.5
1364,105.12,44.72,35.1,32.3,98.927,128.2
1365,73.29,83.34,35.9,31.77,98.922,89.4
1367,104.97,69.03,38.8,31.9,98.941,128.0
1368,23.91,64.3,35.7,31.76,98.968,29.2
1370,35.38,52.6,35.6,32.13,98.973,43.1
1371,50.14,56.18,36.6,32.08,98.932,61.1
1373,58.69,52.09,37.7,30.86,98.913,71.6
1374,82.48,62.55,36.2,31.7,98.923,100.6
1376,102.98,105.42,35.1,31.98,98.946,125.6
1377,-4.94,77.53,36.3,31.44,98.977,-6.0
1378,44.56,51.99,35.5,32.06,99.022,54.3
1380,70.17,125.0,36.2,31.19,98.906,85.6
1381,50.17,86.54,37.2,31.99,98.959,61.2
1383,33.28,102.44,36.4,31.78,98.9,40.6
1384,21.69,39.8,37.5,31.64,99.015,26.5
1386,9.32,57.03,37.1,32.44,98.94,11.4
1387,40.35,83.67,35.9,31.01,98.924,49.2
1389,91.75,34.18,35.6,32.12,98.934,111.9
1390,62.03,74.73,38.0,31.56,98.85,75.6
1392,47.97,37.39,38.7,31.66,98.919,58.5
1393,67.33,79.11,35.0,32.06,98.985,82.1
1395,61.84,77.63,36.3,31.9,98.915,75.4
1396,166.22,86.87,36.5,32.88,98.98,202.7
1398,9.37,37.37,33.6,32.28,98.968,11.4
1399,69.84,56.5,36.4,32.17,98.95,85.2
1400,7.9,72.7,36.4,32.15,98.943,9.6
1402,33.37,67.0,38.0,31.78,98.879,40.7
1403,50.96,57.36,37.6,33.17,98.963,62.1
1405,-2.67,64.41,38.4,32.76,98.887,-3.3
1406,87.26,-4.74,36.8,31.71,98.986,106.4
1408,-26.64,53.21,38.3,32.21,98.937,-32.5
1409,61.28,51.16,34.4,31.84,98.925,74.7
1411,125.55,79.77,36.9,31.45,98.905,153.1
1412,87.71,79.65,35.8,33.01,98.814,107.0
1414,60.38,76.64,34.3,31.2,98.914,73.6
1415,124.46,109.57,37.3,32.67,98.967,151.8
1417,68.93,65.77,35.9,32.38,98.955,84.1
1418,79.57,80.59,36.4,31.15,98.931,97.0
1420,87.9,94.84,34.9,32.33,99.009,107.2
1421,82.69,70.37,34.6,31.89,98.948,100.8
1423,90.4,58.96,39.8,32.07,98.954,110.2
1424,57.62,59.72,36.8,31.88,98.898,70.3
1425,54.95,51.4,35.4,32.34,98.928,67.0
1427,68.71,119.93,34.1,32.42,98.954,83.8
1428,62.07,82.53,35.8,32.66,98.896,75.7
1430,54.04,80.25,36.1,32.66,98.869,65.9
1431,45.47,80.42,34.6,32.92,98.882,55.5
1433,56.66,52.87,36.6,32.88,98.857,69.1
1434,2.6,122.79,35.8,32.31,98.89,3.2
1436,7.66,76.14,37.6,32.77,98.845,9.3
1437,98.5,83.16,36.3,32.21,98.876,120.1
1439,99.0,18.08,37.1,32.76,98.833,120.7
1440,97.99,97.67,37.3,33.05,98.887,119.5
1442,38.54,79.07,36.7,32.06,98.917,47.0
1443,83.7,42.7,36.7,32.84,98.814,102.1
1445,24.94,111.4,39.3,32.43,98.914,30.4
1446,94.4,26.83,37.8,32.69,98.872,115.1
1447,111.19,55.19,39.3,33.15,98.873,135.6
1449,120.86,75.16,35.3,32.41,98.818,147.4
1450,118.66,39.94,34.9,32.48,98.923,144.7
1452,77.6,70.26,37.3,33.7,98.893,94.6
1453,-3.61,111.19,36.7,31.64,98.846,-4.4
1455,40.14,88.17,35.4,33.71,98.925,49.0
1456,59.63,97.96,35.1,33.77,98.765,72.7
1458,87.29,60.43,37.8,32.01,98.96,106.5
1459,74.86,54.57,37.4,33.64,98.903,91.3
1461,89.57,81.37,34.5,32.68,98.741,109.2
1462,76.99,75.14,39.1,32.37,98.887,93.9
1464,57.21,52.19,38.6,32.95,98.914,69.8
1465,42.51,92.71,37.5,32.17,98.928,51.8
1467,75.53,38.04,35.7,32.94,98.857,92.1
1468,42.29,65.8,33.7,33.39,98.963,51.6
1469,66.1,75.68,39.0,33.0,98.906,80.6
1471,76.24,104.13,39.4,33.82,98.903,93.0
1472,49.25,66.0,36.0,32.98,98.851,60.1
1474,80.28,60.93,38.3,32.49,98.823,97.9
1475,60.83,87.58,37.7,33.45,98.867,74.2
1477,64.21,47.5,38.3,32.68,98.855,78.3
1478,29.11,71.31,37.4,32.95,98.844,35.5
1480,66.12,58.6,37.3,33.12,98.881,80.6
1481,51.81,50.12,36.6,33.45,98.794,63.2
1483,97.09,139.88,36.3,32.34,98.887,118.4
1484,70.89,97.94,34.8,33.61,98.855,86.5
1486,20.63,62.03,33.6,32.62,98.898,25.2
1487,18.84,106.57,39.0,33.79,98.917,23.0
1489,40.96,73.67,38.5,32.66,98.819,50.0
1490,81.05,17.96,38.8,34.14,98.821,98.8
1491,89.74,72.82,35.7,32.61,98.872,109.4
1493,90.36,64.21,35.2,32.94,98.812,110.2
1494,81.46,70.94,37.0,33.59,98.842,99.3
1496,51.19,71.54,37.8,33.72,98.868,62.4
1497,86.82,106.7,34.4,33.13,98.934,105.9
1499,96.97,78.51,33.9,33.87,98.84,118.3
1500,102.1,37.29,36.9,33.29,98.861,124.5
1502,87.08,67.56,36.2,33.67,98.864,106.2
1503,131.35,49.4,38.5,33.24,98.862,160.2
1505,112.71,58.65,35.3,33.43,98.793,137.5
1506,95.3,33.71,40.0,33.32,98.836,116.2
1508,74.38,72.84,39.0,32.36,98.867,90.7
1509,9.81,69.28,37.9,33.29,98.821,12.0
1511,37.44,100.54,37.1,32.99,98.791,45.7
1512,56.01,83.9,37.3,34.08,98.871,68.3
1513,115.43,21.52,36.8,32.89,98.797,140.8
1515,80.02,63.75,37.3,32.84,98.802,97.6
1516,42.09,73.13,36.9,33.76,98.893,51.3
1518,21.07,104.8,36.9,33.14,98.795,25.7
1519,139.5,61.29,36.6,33.23,98.814,170.1
1521,18.14,74.94,36.0,32.97,98.819,22.1
1522,68.7,95.28,38.1,33.56,98.732,83.8
1524,32.85,90.4,36.9,33.52,98.82,40.1
1525,81.7,59.07,36.9,33.3,98.84,99.6
1527,64.81,58.88,34.4,33.64,98.869,79.0
1528,102.5,101.21,35.8,33.06,98.811,125.0
1530,59.9,41.63,40.1,32.7,98.84,73.0
1531,12.02,77.12,37.1,32.58,98.828,14.7
1533,19.67,51.35,35.8,33.52,98.759,24.0
1534,35.54,94.16,38.2,33.34,98.815,43.3
1535,89.25,96.98,33.5,33.4,98.871,108.8
1537,70.71,54.83,35.6,34.08,98.902,86.2
1538,82.03,55.52,38.0,33.4,98.822,100.0
1540,51.38,72.57,38.8,34.25,98.81,62.7
1541,30.38,90.17,36.6,33.71,98.824,37.0
1543,101.49,97.65,38.1,33.96,98.847,123.8
1544,80.25,93.34,34.6,34.03,98.818,97.9
1546,32.08,107.96,35.1,33.55,98.824,39.1
1547,26.35,46.64,40.3,33.22,98.846,32.1
1549,102.35,53.82,34.6,32.14,98.946,124.8
1550,65.15,73.25,39.9,32.82,98.75,79.5
1552,21.87,50.85,37.3,33.97,98.797,26.7
1553,22.07,104.34,37.9,34.32,98.724,26.9
1555,74.55,75.91,35.5,33.06,98.856,90.9
1556,27.02,72.86,35.5,33.95,98.836,33.0
1557,50.31,36.26,35.4,33.69,98.834,61.4
1559,93.92,46.17,37.8,34.21,98.757,114.5
1560,6.93,65.22,36.6,34.24,98.783,8.5
1562,75.88,83.35,35.1,33.75,98.789,92.5
1563,66.28,62.14,36.9,34.03,98.773,80.8
1565,114.28,66.71,37.9,34.15,98.833,139.4
1566,78.67,73.88,35.7,33.89,98.81,95.9
1568,85.8,127.85,37.3,32.77,98.795,104.6
1569,120.7,44.51,38.4,34.04,98.805,147.2
1571,48.01,53.17,34.1,33.63,98.824,58.5
1572,85.74,18.02,37.4,33.63,98.762,104.6
1574,31.85,98.57,39.7,34.02,98.745,38.8
1575,72.05,113.65,37.4,34.3,98.876,87.9
1577,25.12,71.82,37.2,33.4,98.838,30.6
1578,60.38,64.63,37.1,34.32,98.737,73.6
1579,68.36,41.99,35.8,34.16,98.773,83.4
1581,68.71,59.29,37.3,34.55,98.779,83.8
1582,89.93,78.29,39.8,33.87,98.749,109.7
1584,78.42,113.63,37.6,34.1,98.77,95.6
1585,35.06,60.48,38.4,34.22,98.891,42.8
1587,35.35,58.24,36.8,33.73,98.827,43.1
1588,66.37,86.26,36.3,34.27,98.82,80.9
1590,64.94,98.36,38.2,33.89,98.785,79.2
1591,106.91,80.54,36.1,33.9,98.799,130.4
1593,78.28,48.25,35.7,33.89,98.726,95.5
1594,79.45,99.98,36.7,34.21,98.831,96.9
1596,105.47,50.9,34.3,34.32,98.743,128.6
1597,22.76,58.32,36.6,35.12,98.778,27.8
1599,68.56,24.93,37.0,34.65,98.766,83.6
1600,65.95,34.16,38.8,34.33,98.804,80.4
1601,36.36,94.96,40.6,33.97,98.736,44.3
1603,92.05,95.55,37.4,33.94,98.751,112.3
1604,39.44,56.8,36.0,34.86,98.743,48.1
1606,136.1,58.01,37.5,34.71,98.724,166.0
1607,80.71,76.35,37.9,34.79,98.775,98.4
1609,127.74,125.16,37.9,34.87,98.834,155.8
1610,21.26,94.14,40.1,35.47,98.841,25.9
1612,37.43,35.99,39.0,35.17,98.803,45.6
1613,82.74,67.32,38.9,35.0,98.805,100.9
1615,61.5,133.39,37.8,34.09,98.727,75.0
1616,89.62,126.26,38.8,34.03,98.796,109.3
1618,48.11,77.07,36.4,35.12,98.736,58.7
1619,36.26,56.86,37.8,34.59,98.754,44.2
1621,81.64,70.21,39.6,35.82,98.799,99.6
1622,48.92,96.88,40.5,34.3,98.691,59.7
1623,89.61,101.27,37.6,34.94,98.771,109.3
1625,72.31,75.41,39.0,35.67,98.769,88.2
1626,54.32,84.89,35.4,34.49,98.703,66.2
1628,36.4,87.41,37.2,34.84,98.767,44.4
1629,83.1,63.89,39.3,34.42,98.792,101.3
1631,65.0,46.53,42.3,34.95,98.719,79.3
1632,46.61,104.21,37.5,34.68,98.872,56.8
1634,36.12,27.49,39.9,34.89,98.802,44.0
1635,15.36,76.03,37.3,34.32,98.758,18.7
1637,66.74,68.16,37.4,35.27,98.729,81.4
1638,-2.0,79.47,38.5,34.86,98.808,-2.4
1640,87.37,104.31,38.9,34.7,98.775,106.5
1641,33.37,75.94,36.9,34.56,98.772,40.7
1643,8.51,29.45,38.5,35.35,98.746,10.4
1644,0.08,72.62,39.0,35.06,98.733,0.1
1645,64.61,86.31,37.9,34.99,98.757,78.8
1647,95.58,71.66,34.5,35.42,98.751,116.6
1648,111.01,55.01,37.3,35.12,98.746,135.4
1650,75.05,83.89,38.5,34.48,98.714,91.5
1651,121.22,44.61,36.9,34.48,98.762,147.8
1653,86.77,61.56,41.4,35.07,98.805,105.8
1654,120.62,66.36,38.0,34.96,98.693,147.1
1656,49.93,83.5,38.8,34.74,98.75,60.9
1657,24.45,76.29,40.2,35.75,98.734,29.8
1659,66.1,72.53,35.1,35.57,98.8,80.6
1660,13.01,59.96,39.2,35.58,98.743,15.9
1662,72.04,57.59,34.0,35.53,98.719,87.9
1663,39.91,56.61,39.4,35.41,98.76,48.7
1665,92.14,69.37,38.3,35.45,98.682,112.4
1666,53.11,50.31,36.9,35.7,98.766,64.8
1667,34.02,90.18,38.7,34.58,98.739,41.5
1669,49.12,87.62,41.0,34.72,98.788,59.9
1670,26.23,57.85,39.1,34.66,98.666,32.0
1672,55.26,82.25,41.6,34.45,98.734,67.4
1673,57.5,60.48,39.5,35.0,98.698,70.1
1675,54.74,54.62,37.0,36.13,98.788,66.8
1676,20.53,47.08,39.1,34.14,98.798,25.0
1678,47.43,80.24,40.7,34.8,98.715,57.8
1679,44.95,64.72,36.8,35.6,98.696,54.8
1681,53.48,57.84,41.0,35.14,98.782,65.2
1682,21.47,52.18,37.6,35.38,98.763,26.2
1684,137.5,96.78,39.4,35.38,98.739,167.7
1685,81.0,31.57,38.8,35.56,98.714,98.8
1687,58.62,120.77,37.1,35.24,98.696,71.5
1688,55.82,75.9,36.1,35.07,98.643,68.1
1689,109.05,82.74,38.4,35.05,98.716,133.0
1691,9.09,84.76,37.3,34.56,98.795,11.1
1692,54.27,80.26,37.1,34.7,98.68,66.2
1694,78.15,71.47,38.8,36.89,98.722,95.3
1695,14.08,53.48,39.4,35.5,98.738,17.2
1697,28.8,32.93,36.6,36.79,98.747,35.1
1698,108.92,132.47,37.5,35.14,98.671,132.8
1700,132.4,52.83,38.6,35.59,98.668,161.5
1701,88.95,86.74,40.4,36.72,98.68,108.5
1703,31.68,77.7,37.0,35.73,98.734,38.6
1704,32.84,35.05,36.8,36.13,98.722,40.0
1706,48.87,77.94,39.3,35.24,98.645,59.6
1707,32.83,61.76,38.7,36.46,98.72,40.0
1709,66.55,52.13,37.7,35.56,98.72,81.2
1710,20.59,65.06,37.1,35.92,98.707,25.1
1711,31.81,45.22,41.2,35.77,98.695,38.8
1713,90.11,61.45,38.4,35.37,98.681,109.9
1714,62.06,75.74,40.9,36.08,98.678,75.7
1716,57.41,38.94,38.4,36.59,98.72,70.0
1717,31.83,62.77,38.6,35.82,98.634,38.8
1719,91.28,76.62,42.1,35.47,98.75,111.3
1720,62.37,81.59,40.4,35.33,98.578,76.1
1722,41.06,98.12,37.9,36.65,98.678,50.1
1723,76.1,46.68,36.2,36.8,98.678,92.8
1725,29.28,37.47,38.7,35.99,98.66,35.7
1726,34.36,35.07,37.1,35.48,98.704,41.9
1728,78.73,75.62,38.2,36.03,98.66,96.0
1729,60.72,42.68,37.2,34.91,98.756,74.0
1731,53.11,102.26,39.6,36.39,98.694,64.8
1732,60.71,84.29,40.1,36.53,98.661,74.0
1734,95.18,82.78,39.3,35.14,98.658,116.1
1735,85.24,103.78,42.3,35.52,98.682,104.0
1736,1.54,35.63,39.5,35.78,98.669,1.9
1738,74.06,69.89,38.2,36.11,98.661,90.3
1739,42.13,34.97,37.7,35.81,98.635,51.4
1741,76.65,34.33,39.8,36.4,98.714,93.5
1742,124.13,23.26,38.3,35.49,98.692,151.4
1744,-8.1,35.66,37.0,36.49,98.701,-9.9
1745,87.49,59.41,37.4,35.75,98.642,106.7
1747,56.89,115.03,38.6,35.48,98.673,69.4
1748,88.28,80.32,38.2,35.83,98.579,107.7
1750,73.83,65.38,38.6,36.5,98.683,90.0
1751,63.38,38.92,39.6,35.76,98.614,77.3
1753,75.34,84.35,37.5,37.22,98.69,91.9
1754,44.59,74.56,39.2,36.13,98.709,54.4
1756,3.67,44.66,39.9,35.97,98.701,4.5
1757,71.19,102.84,40.3,36.32,98.671,86.8
1758,19.17,78.52,35.7,35.92,98.647,23.4
1760,80.8,59.88,36.9,36.58,98.719,98.5
1761,46.14,45.24,39.1,36.68,98.71,56.3
1763,79.31,67.43,41.4,36.44,98.701,96.7
1764,61.04,35.99,37.4,35.96,98.725,74.4
1766,61.63,98.08,40.4,35.85,98.668,75.2
1767,17.24,118.81,37.9,35.6,98.617,21.0
1769,36.87,56.3,35.2,35.75,98.681,45.0
1770,43.72,57.68,38.6,36.8,98.702,53.3
1772,69.03,115.95,39.1,36.43,98.678,84.2
1773,30.36,89.25,39.3,35.97,98.648,37.0
1775,29.58,87.64,38.8,36.63,98.658,36.1
1776,52.98,97.56,38.2,37.6,98.673,64.6
1778,77.37,38.31,38.2,37.01,98.655,94.4
1779,51.03,122.28,40.3,36.57,98.677,62.2
1780,105.03,51.98,36.8,35.96,98.658,128.1
1782,24.24,36.47,35.2,36.49,98.69,29.6
1783,123.65,75.08,38.1,37.89,98.684,150.8
1785,20.18,53.69,38.4,37.71,98.671,24.6
1786,88.78,98.97,39.3,37.32,98.695,108.3
1788,80.65,54.87,37.9,36.82,98.683,98.4
1789,73.91,95.62,39.9,36.47,98.633,90.1
1791,36.63,33.46,36.6,36.92,98.626,44.7
1792,75.69,49.42,39.7,36.14,98.625,92.3
1794,30.1,75.04,38.1,37.14,98.66,36.7
1795,22.78,106.28,40.2,36.4,98.579,27.8
1797,26.89,47.25,37.8,37.19,98.577,32.8
1798,91.41,84.01,37.4,36.18,98.626,111.5
1800,16.32,64.05,39.0,36.37,98.684,19.9
1801,77.57,77.25,37.6,36.83,98.665,94.6
1802,-11.8,62.23,39.9,37.25,98.593,-14.4
1804,73.06,82.52,40.4,36.68,98.601,89.1
1805,132.33,121.53,38.1,35.69,98.624,161.4
1807,24.92,71.97,41.5,35.82,98.593,30.4
1808,66.34,40.2,36.3,35.22,98.599,80.9
1810,95.06,61.05,37.5,37.39,98.657,115.9
1811,92.43,88.66,39.4,37.84,98.628,112.7
1813,3.73,95.61,35.0,37.48,98.717,4.5
1814,65.16,81.95,36.9,37.33,98.623,79.5
1816,70.88,55.11,38.2,37.66,98.601,86.4
1817,52.74,109.05,39.4,37.7,98.627,64.3
1819,43.06,31.4,40.4,37.23,98.625,52.5
1820,97.69,87.37,38.4,37.63,98.615,119.1
1822,50.49,79.4,38.5,37.38,98.628,61.6
1823,83.44,29.49,39.8,37.61,98.671,101.8
1824,59.48,80.8,36.9,36.25,98.633,72.5
1826,55.61,79.71,38.2,37.16,98.6,67.8
1827,-48.52,101.67,39.9,37.43,98.617,-59.2
1829,16.94,99.97,38.9,36.1,98.612,20.7
1830,-36.69,24.54,42.5,36.51,98.514,-44.7
1832,67.86,58.04,37.5,37.11,98.627,82.8
1833,25.85,55.8,36.9,37.17,98.652,31.5
1835,50.5,72.28,39.6,36.63,98.648,61.6
1836,8.13,146.76,37.0,37.0,98.628,9.9
1838,125.76,14.14,39.5,37.39,98.645,153.4
1839,103.2,113.32,37.4,37.53,98.62,125.9
1841,115.1,75.35,39.2,37.95,98.552,140.4
1842,29.58,88.04,40.1,36.58,98.637,36.1
1844,85.92,54.37,38.8,37.94,98.606,104.8
1845,47.62,91.49,39.6,37.05,98.582,58.1
1846,47.37,86.06,36.9,36.3,98.617,57.8
1848,67.3,73.75,40.7,37.77,98.645,82.1
1849,27.83,49.15,42.4,37.49,98.627,33.9
1851,65.36,78.78,40.5,37.81,98.625,79.7
1852,25.0,83.35,41.9,36.82,98.553,30.5
1854,79.8,114.44,39.0,37.03,98.618,97.3
1855,42.72,113.81,39.8,37.21,98.617,52.1
1857,36.62,106.74,41.1,37.88,98.544,44.7
1858,109.61,82.23,37.6,36.7,98.592,133.7
1860,53.36,56.0,38.6,37.81,98.633,65.1
1861,68.89,93.53,38.3,37.36,98.638,84.0
1863,83.89,46.3,40.0,37.64,98.658,102.3
1864,-22.85,41.4,39.5,37.84,98.542,-27.9
1866,28.91,76.36,37.8,37.11,98.558,35.3
1867,21.31,43.79,38.8,37.98,98.641,26.0
1868,-3.05,84.94,38.7,38.36,98.648,-3.7
1870,35.02,127.47,40.3,37.8,98.591,42.7
1871,76.19,36.64,40.4,38.1,98.614,92.9
1873,9.84,91.44,37.4,37.41,98.568,12.0
1874,90.06,33.8,38.5,36.78,98.596,109.8
1876,97.95,93.35,37.6,38.13,98.575,119.5
1877,46.29,126.52,40.6,37.23,98.536,56.5
1879,35.21,66.19,42.3,37.59,98.531,42.9
1880,80.72,117.44,37.8,38.41,98.598,98.4
1882,72.24,52.82,38.8,37.82,98.538,88.1
1883,81.82,103.3,39.4,38.38,98.633,99.8
1885,42.63,77.66,37.3,38.72,98.529,52.0
1886,58.59,35.79,41.5,38.14,98.528,71.5
1888,71.77,88.3,38.5,37.91,98.621,87.5
1889,60.96,50.72,40.5,38.95,98.551,74.3
1890,22.81,47.14,40.5,37.03,98.616,27.8
1892,60.96,88.74,38.2,38.09,98.528,74.3
1893,62.52,68.65,41.9,37.66,98.579,76.2
1895,68.79,43.61,40.2,38.82,98.591,83.9
1896,6.98,72.21,40.9,37.79,98.544,8.5
1898,39.63,45.4,37.3,38.12,98.511,48.3
1899,18.0,37.96,39.5,38.79,98.607,22.0
1901,47.25,46.62,37.5,38.08,98.573,57.6
1902,108.67,49.43,43.3,38.0,98.612,132.5
1904,71.0,42.17,39.6,37.74,98.611,86.6
1905,52.0,88.69,38.4,37.49,98.545,63.4
1907,17.18,68.4,36.8,37.27,98.531,21.0
1908,135.97,93.72,42.6,38.31,98.528,165.8
1910,35.13,78.78,41.3,37.19,98.689,42.8
1911,19.71,81.42,37.5,37.47,98.511,24.0
1912,90.83,52.63,39.8,38.14,98.55,110.8
1914,106.63,78.96,38.6,38.06,98.584,130.0
1915,-45.26,47.96,41.4,38.5,98.503,-55.2
1917,58.38,137.84,39.8,37.81,98.576,71.2
1918,80.79,29.73,36.7,39.34,98.53,98.5
1920,53.07,85.74,40.4,38.23,98.544,64.7
1921,24.93,121.21,41.4,38.34,98.562,30.4
1923,81.57,55.79,40.0,38.85,98.516,99.5
1924,12.35,51.0,41.5,38.16,98.543,15.1
1926,111.69,56.27,37.0,38.34,98.509,136.2
1927,61.33,22.62,41.0,38.46,98.606,74.8
1929,56.2,74.71,36.9,37.97,98.591,68.5
1930,8.83,73.14,40.7,38.07,98.561,10.8
1932,61.84,68.11,38.0,38.38,98.611,75.4
1933,61.1,97.21,38.6,38.26,98.507,74.5
1934,67.98,95.04,39.3,38.25,98.504,82.9
1936,136.91,40.4,42.7,37.49,98.527,167.0
1937,74.05,61.77,40.8,38.48,98.501,90.3
1939,-16.44,85.6,41.6,37.37,98.493,-20.0
1940,62.38,67.3,39.4,38.6,98.499,76.1
1942,32.03,45.52,37.7,38.5,98.6,39.1
1943,67.72,84.44,38.0,38.45,98.549,82.6
1945,49.09,73.11,37.0,38.58,98.529,59.9
1946,66.07,48.99,41.8,38.79,98.527,80.6
1948,84.04,44.76,39.1,38.15,98.503,102.5
1949,43.0,131.04,41.5,38.29,98.499,52.4
1951,82.44,97.86,37.9,39.31,98.528,100.5
1952,24.52,42.63,40.1,38.13,98.553,29.9
1954,34.66,95.93,37.7,38.37,98.563,42.3
1955,82.85,70.76,40.2,38.73,98.581,101.0
1956,81.71,29.26,40.1,38.62,98.522,99.6
1958,16.58,57.06,38.5,38.77,98.568,20.2
1959,21.49,64.37,42.8,38.8,98.504,26.2
1961,69.19,64.56,40.6,38.46,98.524,84.4
1962,62.7,70.7,40.8,38.85,98.53,76.5
1964,66.92,63.67,39.7,39.81,98.537,81.6
1965,11.62,41.28,40.0,38.97,98.495,14.2
1967,30.12,103.76,41.7,38.87,98.498,36.7
1968,40.88,73.72,41.4,38.8,98.472,49.9
1970,86.63,65.29,39.6,38.46,98.49,105.6
1971,91.4,58.39,40.6,39.41,98.465,111.5
1973,25.96,66.15,40.8,38.97,98.503,31.7
1974,1.99,82.1,39.0,38.18,98.538,2.4
1976,146.19,32.49,39.9,38.95,98.536,178.3
1977,109.28,49.21,41.1,39.19,98.562,133.3
1978,35.81,65.01,39.7,38.69,98.509,43.7
1980,64.65,60.32,37.5,38.98,98.565,78.8
1981,87.67,22.73,39.4,38.35,98.541,106.9
1983,34.38,65.34,41.1,38.97,98.635,41.9
1984,100.21,59.39,40.1,39.17,98.522,122.2
1986,26.95,93.68,38.3,39.61,98.494,32.9
1987,70.93,51.84,40.6,39.15,98.478,86.5
1989,2.24,70.12,36.4,38.69,98.53,2.7
1990,63.24,99.87,41.2,38.7,98.54,77.1
1992,24.58,12.62,38.3,40.01,98.539,30.0
1993,71.42,74.52,40.8,39.14,98.497,87.1
1995,88.61,50.05,40.2,39.02,98.462,108.1
1996,76.09,92.03,42.1,39.91,98.53,92.8
1998,54.44,27.64,39.8,39.92,98.456,66.4
1999,106.77,53.57,39.9,39.77,98.499,130.2
2000,20.08,100.65,41.1,39.21,98.508,24.5
2002,57.32,87.48,40.6,39.0,98.526,69.9
2003,132.94,108.73,38.5,39.33,98.388,162.1
2005,105.08,83.06,38.7,38.23,98.533,128.1
2006,93.76,15.56,40.1,39.06,98.499,114.3
2008,92.91,130.35,39.9,40.14,98.455,113.3
2009,50.07,124.54,42.7,39.16,98.527,61.1
2011,62.73,92.93,41.3,39.6,98.47,76.5
2012,43.31,79.62,40.4,39.72,98.456,52.8
2014,79.83,69.4,39.3,38.24,98.47,97.4
2015,24.57,102.06,38.6,40.17,98.476,30.0
2017,79.16,53.91,40.3,38.61,98.489,96.5
2018,82.97,71.78,39.1,38.81,98.508,101.2
2020,40.94,105.97,40.0,39.0,98.418,49.9
2021,89.42,59.45,39.9,39.97,98.471,109.0
2022,25.98,65.57,40.3,40.1,98.477,31.7
2024,6.4,72.5,40.0,38.5,98.474,7.8
2025,24.57,109.48,40.6,40.18,98.515,30.0
2027,83.94,68.46,40.3,39.8,98.517,102.4
2028,72.93,94.5,40.3,39.45,98.51,88.9
2030,36.89,103.4,37.7,39.9,98.475,45.0
2031,62.64,73.44,39.9,39.04,98.474,76.4
2033,10.72,79.58,40.9,40.1,98.461,13.1
2034,10.06,46.98,38.9,40.57,98.483,12.3
2036,18.77,74.29,39.1,38.75,98.459,22.9
2037,2.91,-3.88,40.6,39.62,98.421,3.5
2039,83.15,4.68,35.6,39.34,98.425,101.4
2040,76.17,92.54,41.8,39.47,98.475,92.9
2042,36.79,97.88,39.8,39.81,98.44,44.9
2043,-3.44,53.75,37.7,40.1,98.465,-4.2
2045,85.44,79.83,40.8,40.26,98.472,104.2
2046,63.11,55.05,40.1,40.47,98.458,77.0
2047,39.37,106.75,38.8,39.31,98.504,48.0
2049,58.93,53.08,40.3,39.95,98.55,71.9
2050,127.59,55.67,40.4,40.11,98.484,155.6
2052,73.87,74.38,41.2,39.52,98.546,90.1
2053,70.57,56.21,41.3,40.44,98.427,86.1
2055,67.85,95.59,39.9,40.35,98.47,82.7
2056,88.59,78.34,38.5,39.77,98.413,108.0
2058,63.76,88.87,40.5,39.07,98.448,77.8
2059,125.84,49.53,41.4,41.11,98.453,153.5
2061,85.7,99.2,41.1,39.18,98.445,104.5
2062,73.77,105.34,41.7,40.82,98.429,90.0
2064,57.53,84.73,41.7,39.53,98.502,70.2
2065,30.4,27.42,41.6,40.12,98.44,37.1
2067,75.35,84.31,38.4,40.24,98.392,91.9
2068,38.84,78.02,39.1,39.6,98.482,47.4
2069,65.69,93.61,40.6,39.5,98.493,80.1
2071,100.02,48.53,38.4,40.23,98.481,122.0
2072,50.56,84.15,43.1,40.14,98.468,61.7
2074,41.3,93.22,39.8,39.81,98.347,50.4
2075,8.09,59.1,39.4,40.04,98.426,9.9
2077,57.78,78.96,39.6,39.52,98.441,70.5
2078,45.08,91.85,39.3,39.82,98.41,55.0
2080,18.16,64.28,39.7,39.53,98.493,22.1
2081,49.38,56.39,39.4,40.29,98.458,60.2
2083,106.64,50.02,37.6,39.61,98.422,130.0
2084,76.76,67.54,39.1,40.11,98.428,93.6
2086,31.44,48.06,44.3,40.95,98.423,38.3
2087,57.98,85.84,40.6,40.75,98.461,70.7
2089,39.41,60.1,44.1,40.38,98.417,48.1
2090,18.12,100.61,39.5,40.82,98.431,22.1
2091,46.39,110.9,38.2,39.58,98.363,56.6
2093,49.44,81.05,39.6,39.59,98.447,60.3
2094,58.96,58.21,43.4,39.68,98.372,71.9
2096,45.88,68.16,42.1,40.43,98.451,56.0
2097,58.49,84.8,38.4,40.05,98.488,71.3
2099,37.01,115.97,41.6,39.5,98.449,45.1
2100,61.69,86.62,41.4,40.86,98.334,75.2
2102,53.5,40.43,42.0,40.8,98.45,65.2
2103,121.32,49.31,41.5,40.4,98.377,148.0
2105,58.31,70.44,41.5,41.31,98.383,71.1
2106,82.81,65.07,39.9,40.75,98.458,101.0
2108,75.97,85.66,40.3,40.36,98.441,92.6
2109,62.89,56.65,38.2,39.73,98.465,76.7
2111,63.38,60.64,39.8,40.64,98.418,77.3
2112,23.45,106.66,40.4,40.59,98.407,28.6
2113,42.02,89.33,42.4,39.77,98.379,51.2
2115,60.01,25.69,41.0,40.89,98.387,73.2
2116,85.29,63.13,41.7,40.28,98.439,104.0
2118,124.32,43.43,41.8,40.44,98.318,151.6
2119,53.89,61.83,39.4,40.42,98.394,65.7
2121,-6.55,94.0,39.6,40.43,98.418,-8.0
2122,95.49,53.98,37.8,40.81,98.519,116.5
2124,20.02,54.72,41.4,40.74,98.407,24.4
2125,69.63,44.14,40.9,41.24,98.5,84.9
2127,78.46,48.49,40.3,40.3,98.467,95.7
2128,5.19,94.48,40.3,40.83,98.482,6.3
2130,30.2,55.3,39.7,40.77,98.415,36.8
2131,73.83,32.18,40.9,40.23,98.401,90.0
2133,40.69,106.89,41.0,40.72,98.462,49.6
2134,83.92,66.82,40.3,40.34,98.407,102.3
2135,20.69,68.64,40.5,40.51,98.47,25.2
2137,3.07,95.23,40.5,41.09,98.437,3.7
2138,79.77,81.32,38.4,40.93,98.355,97.3
2140,6.7,58.32,43.1,41.64,98.361,8.2
2141,63.47,22.5,42.0,40.67,98.412,77.4
2143,46.99,72.43,43.1,41.06,98.393,57.3
2144,22.99,67.4,38.7,40.84,98.465,28.0
2146,40.96,81.95,41.3,40.66,98.413,50.0
2147,99.05,121.06,41.2,40.47,98.356,120.8
2149,63.83,73.96,39.6,41.59,98.323,77.8
2150,67.9,90.88,42.1,40.26,98.367,82.8
2152,44.44,44.78,40.3,42.07,98.369,54.2
2153,30.91,110.34,39.4,41.07,98.415,37.7
2155,-8.47,96.29,40.3,39.93,98.398,-10.3
2156,13.12,55.59,39.1,41.16,98.369,16.0
2157,64.41,74.54,40.5,41.52,98.412,78.5
2159,52.19,63.06,40.0,41.04,98.351,63.6
2160,15.1,54.08,39.7,42.84,98.436,18.4
2162,60.52,86.89,41.0,41.19,98.451,73.8
2163,120.22,60.48,42.8,40.8,98.33,146.6
2165,68.2,74.66,42.7,40.37,98.404,83.2
2166,70.73,85.16,41.5,40.86,98.345,86.3
2168,49.25,74.41,43.1,41.57,98.388,60.1
2169,78.46,39.15,39.2,41.05,98.337,95.7
2171,85.1,102.81,40.9,40.72,98.445,103.8
2172,70.8,-13.18,41.5,41.08,98.43,86.3
2174,91.33,33.96,41.2,41.12,98.354,111.4
2175,3.91,83.88,44.0,41.04,98.385,4.8
2177,30.88,73.29,37.7,42.59,98.346,37.7
2178,112.64,77.88,39.7,41.46,98.317,137.4
2179,58.5,64.37,44.0,42.44,98.341,71.3
2181,16.16,66.05,41.1,40.52,98.37,19.7
2182,32.09,36.66,40.6,41.31,98.405,39.1
2184,46.61,31.71,40.4,41.65,98.416,56.8
2185,54.71,42.13,42.7,41.5,98.339,66.7
2187,77.37,73.58,43.1,41.22,98.332,94.4
2188,94.48,65.14,42.1,41.0,98.325,115.2
2190,50.99,86.13,40.7,41.68,98.406,62.2
2191,44.66,84.42,40.9,41.66,98.308,54.5
2193,32.66,32.82,40.3,42.3,98.379,39.8
2194,27.31,54.68,40.1,41.98,98.443,33.3
2196,32.06,92.13,41.4,41.51,98.411,39.1
2197,107.61,42.29,42.1,41.8,98.353,131.2
2199,100.09,64.85,42.9,41.45,98.37,122.1
2200,22.52,35.48,42.6,41.64,98.277,27.5
